分布式训练: rank=0, world_size=1, local_rank=0
日志文件: logs/train_20260502_005339.log
从epoch 18 恢复训练
Epoch [19/400] 第1批数据获取耗时: 1.27s
Epoch [19/400] Batch [20/925] G: 0.1005 (enc: 0.3116, dec: 0.0901, adv: 1.0782) D: (cover: 0.5221, enc: 0.4474) PSNR: 39.41dB
Epoch [19/400] Batch [40/925] G: 0.0933 (enc: 0.2650, dec: 0.0844, adv: 0.9798) D: (cover: 0.3357, enc: 0.5848) PSNR: 39.75dB
Epoch [19/400] Batch [60/925] G: 0.0940 (enc: 0.2344, dec: 0.0858, adv: 1.1100) D: (cover: 0.4107, enc: 0.4231) PSNR: 39.38dB
Epoch [19/400] Batch [80/925] G: 0.0922 (enc: 0.2317, dec: 0.0842, adv: 1.0424) D: (cover: 0.3439, enc: 0.4866) PSNR: 39.91dB
Epoch [19/400] Batch [100/925] G: 0.0895 (enc: 0.2151, dec: 0.0818, adv: 1.3129) D: (cover: 0.5739, enc: 0.3257) PSNR: 40.25dB
Epoch [19/400] Batch [120/925] G: 0.0925 (enc: 0.2101, dec: 0.0849, adv: 1.2881) D: (cover: 0.3680, enc: 0.3807) PSNR: 39.97dB
Epoch [19/400] Batch [140/925] G: 0.0864 (enc: 0.2165, dec: 0.0788, adv: 1.1621) D: (cover: 0.4668, enc: 0.3909) PSNR: 39.78dB
Epoch [19/400] Batch [160/925] G: 0.0897 (enc: 0.2045, dec: 0.0823, adv: 1.1946) D: (cover: 0.5237, enc: 0.3350) PSNR: 39.42dB
Epoch [19/400] Batch [180/925] G: 0.0887 (enc: 0.2020, dec: 0.0814, adv: 1.2125) D: (cover: 0.4105, enc: 0.4403) PSNR: 40.19dB
Epoch [19/400] Batch [200/925] G: 0.0902 (enc: 0.1974, dec: 0.0832, adv: 1.1220) D: (cover: 0.5271, enc: 0.3536) PSNR: 40.02dB
Epoch [19/400] Batch [220/925] G: 0.0842 (enc: 0.1984, dec: 0.0771, adv: 1.1140) D: (cover: 0.3222, enc: 0.4690) PSNR: 40.02dB
Epoch [19/400] Batch [240/925] G: 0.0900 (enc: 0.1909, dec: 0.0832, adv: 1.0868) D: (cover: 0.4845, enc: 0.3888) PSNR: 39.71dB
Epoch [19/400] Batch [260/925] G: 0.0890 (enc: 0.1971, dec: 0.0819, adv: 1.2093) D: (cover: 0.3711, enc: 0.4453) PSNR: 39.70dB
Epoch [19/400] Batch [280/925] G: 0.0855 (enc: 0.1879, dec: 0.0787, adv: 1.1787) D: (cover: 0.3961, enc: 0.3835) PSNR: 39.97dB
Epoch [19/400] Batch [300/925] G: 0.0905 (enc: 0.1961, dec: 0.0835, adv: 1.1722) D: (cover: 0.3730, enc: 0.4746) PSNR: 39.78dB
Epoch [19/400] Batch [320/925] G: 0.0852 (enc: 0.1846, dec: 0.0785, adv: 1.2006) D: (cover: 0.3432, enc: 0.4422) PSNR: 40.07dB
Epoch [19/400] Batch [340/925] G: 0.0857 (enc: 0.1869, dec: 0.0792, adv: 0.9694) D: (cover: 0.2383, enc: 0.5270) PSNR: 39.74dB
Epoch [19/400] Batch [360/925] G: 0.0889 (enc: 0.1917, dec: 0.0820, adv: 1.1742) D: (cover: 0.5184, enc: 0.3504) PSNR: 40.01dB
Epoch [19/400] Batch [380/925] G: 0.0901 (enc: 0.1962, dec: 0.0830, adv: 1.2158) D: (cover: 0.5656, enc: 0.3421) PSNR: 39.94dB
Epoch [19/400] Batch [400/925] G: 0.0879 (enc: 0.1888, dec: 0.0809, adv: 1.3550) D: (cover: 0.4674, enc: 0.3483) PSNR: 39.66dB
Epoch [19/400] Batch [420/925] G: 0.0878 (enc: 0.1860, dec: 0.0810, adv: 1.1911) D: (cover: 0.4349, enc: 0.3677) PSNR: 39.79dB
Epoch [19/400] Batch [440/925] G: 0.0859 (enc: 0.1855, dec: 0.0790, adv: 1.3239) D: (cover: 0.4006, enc: 0.3854) PSNR: 40.11dB
Epoch [19/400] Batch [460/925] G: 0.0836 (enc: 0.1828, dec: 0.0769, adv: 1.2209) D: (cover: 0.4227, enc: 0.3648) PSNR: 39.84dB
Epoch [19/400] Batch [480/925] G: 0.0847 (enc: 0.1857, dec: 0.0778, adv: 1.3267) D: (cover: 0.4379, enc: 0.3526) PSNR: 39.91dB
Epoch [19/400] Batch [500/925] G: 0.0852 (enc: 0.1860, dec: 0.0782, adv: 1.4456) D: (cover: 0.6001, enc: 0.2927) PSNR: 39.92dB
Epoch [19/400] Batch [520/925] G: 0.0803 (enc: 0.1831, dec: 0.0734, adv: 1.3805) D: (cover: 0.4745, enc: 0.3248) PSNR: 39.77dB
Epoch [19/400] Batch [540/925] G: 0.0884 (enc: 0.1791, dec: 0.0819, adv: 1.1252) D: (cover: 0.4246, enc: 0.4438) PSNR: 39.88dB
Epoch [19/400] Batch [560/925] G: 0.0859 (enc: 0.1862, dec: 0.0790, adv: 1.3171) D: (cover: 0.3545, enc: 0.4063) PSNR: 39.66dB
Epoch [19/400] Batch [580/925] G: 0.0844 (enc: 0.1870, dec: 0.0776, adv: 1.1236) D: (cover: 0.3645, enc: 0.4571) PSNR: 39.75dB
Epoch [19/400] Batch [600/925] G: 0.0835 (enc: 0.1809, dec: 0.0771, adv: 0.9143) D: (cover: 0.2184, enc: 0.6490) PSNR: 39.88dB
Epoch [19/400] Batch [620/925] G: 0.0850 (enc: 0.1797, dec: 0.0784, adv: 1.1881) D: (cover: 0.5185, enc: 0.3595) PSNR: 39.49dB
Epoch [19/400] Batch [640/925] G: 0.0856 (enc: 0.1701, dec: 0.0792, adv: 1.2390) D: (cover: 0.3214, enc: 0.4209) PSNR: 40.15dB
Epoch [19/400] Batch [660/925] G: 0.0890 (enc: 0.1760, dec: 0.0826, adv: 1.1183) D: (cover: 0.3458, enc: 0.4153) PSNR: 39.96dB
Epoch [19/400] Batch [680/925] G: 0.0857 (enc: 0.1781, dec: 0.0791, adv: 1.2513) D: (cover: 0.4414, enc: 0.3874) PSNR: 39.68dB
Epoch [19/400] Batch [700/925] G: 0.0842 (enc: 0.1822, dec: 0.0775, adv: 1.1661) D: (cover: 0.4759, enc: 0.3917) PSNR: 39.76dB
Epoch [19/400] Batch [720/925] G: 0.0867 (enc: 0.1751, dec: 0.0805, adv: 0.9568) D: (cover: 0.3308, enc: 0.5209) PSNR: 40.01dB
Epoch [19/400] Batch [740/925] G: 0.0881 (enc: 0.1761, dec: 0.0816, adv: 1.1870) D: (cover: 0.7070, enc: 0.3335) PSNR: 40.05dB
Epoch [19/400] Batch [760/925] G: 0.0830 (enc: 0.1722, dec: 0.0768, adv: 1.0010) D: (cover: 0.3409, enc: 0.5208) PSNR: 39.82dB
Epoch [19/400] Batch [780/925] G: 0.0885 (enc: 0.1732, dec: 0.0822, adv: 1.1572) D: (cover: 0.4296, enc: 0.3792) PSNR: 40.13dB
Epoch [19/400] Batch [800/925] G: 0.0838 (enc: 0.1702, dec: 0.0776, adv: 1.1444) D: (cover: 0.5589, enc: 0.3729) PSNR: 39.70dB
Epoch [19/400] Batch [820/925] G: 0.0860 (enc: 0.1745, dec: 0.0797, adv: 1.0823) D: (cover: 0.3799, enc: 0.4396) PSNR: 39.27dB
Epoch [19/400] Batch [840/925] G: 0.0794 (enc: 0.1804, dec: 0.0729, adv: 1.0490) D: (cover: 0.3785, enc: 0.4377) PSNR: 39.94dB
Epoch [19/400] Batch [860/925] G: 0.0831 (enc: 0.1808, dec: 0.0765, adv: 1.1720) D: (cover: 0.3807, enc: 0.3951) PSNR: 39.73dB
Epoch [19/400] Batch [880/925] G: 0.0803 (enc: 0.1661, dec: 0.0742, adv: 1.0890) D: (cover: 0.4197, enc: 0.4489) PSNR: 39.81dB
Epoch [19/400] Batch [900/925] G: 0.0849 (enc: 0.1639, dec: 0.0788, adv: 1.1375) D: (cover: 0.5482, enc: 0.3570) PSNR: 39.70dB
Epoch [19/400] Batch [920/925] G: 0.0870 (enc: 0.1717, dec: 0.0807, adv: 1.0701) D: (cover: 0.4885, enc: 0.4179) PSNR: 39.66dB
Epoch [19/400] 训练平均损失: 0.0870
Epoch [19/400] 验证平均损失: 0.1131 enc: 0.1742, dec: 0.1103 PSNR: 39.01dB
Epoch [19/400] 验证耗时: 10.12s
Epoch [19/400] 保存验证输出耗时: 0.03s
Epoch [19/400] 训练耗时: 471.65s
Epoch [19/400] 保存检查点耗时: 0.00s
Epoch [19/400] 总耗时: 481.80s
Epoch [20/400] 第1批数据获取耗时: 1.27s
Epoch [20/400] Batch [20/925] G: 0.0867 (enc: 0.1731, dec: 0.0805, adv: 1.0169) D: (cover: 0.2989, enc: 0.6295) PSNR: 39.85dB
Epoch [20/400] Batch [40/925] G: 0.0836 (enc: 0.1667, dec: 0.0775, adv: 1.1612) D: (cover: 0.3706, enc: 0.4742) PSNR: 40.07dB
Epoch [20/400] Batch [60/925] G: 0.0835 (enc: 0.1706, dec: 0.0774, adv: 0.9904) D: (cover: 0.2924, enc: 0.5455) PSNR: 39.98dB
Epoch [20/400] Batch [80/925] G: 0.0865 (enc: 0.1729, dec: 0.0801, adv: 1.1319) D: (cover: 0.3421, enc: 0.4915) PSNR: 39.83dB
Epoch [20/400] Batch [100/925] G: 0.0812 (enc: 0.1771, dec: 0.0748, adv: 1.1233) D: (cover: 0.3605, enc: 0.4623) PSNR: 40.07dB
Epoch [20/400] Batch [120/925] G: 0.0872 (enc: 0.1662, dec: 0.0810, adv: 1.2460) D: (cover: 0.6205, enc: 0.3106) PSNR: 40.15dB
Epoch [20/400] Batch [140/925] G: 0.0870 (enc: 0.1634, dec: 0.0810, adv: 1.0755) D: (cover: 0.3671, enc: 0.4563) PSNR: 40.27dB
Epoch [20/400] Batch [160/925] G: 0.0821 (enc: 0.1723, dec: 0.0759, adv: 1.0607) D: (cover: 0.3674, enc: 0.4439) PSNR: 39.92dB
Epoch [20/400] Batch [180/925] G: 0.0784 (enc: 0.1728, dec: 0.0723, adv: 0.8965) D: (cover: 0.3627, enc: 0.5519) PSNR: 40.02dB
Epoch [20/400] Batch [200/925] G: 0.0829 (enc: 0.1671, dec: 0.0768, adv: 1.1157) D: (cover: 0.4464, enc: 0.3823) PSNR: 39.90dB
Epoch [20/400] Batch [220/925] G: 0.0847 (enc: 0.1673, dec: 0.0785, adv: 1.1891) D: (cover: 0.5423, enc: 0.3353) PSNR: 40.04dB
Epoch [20/400] Batch [240/925] G: 0.0830 (enc: 0.1683, dec: 0.0768, adv: 1.1691) D: (cover: 0.4043, enc: 0.4066) PSNR: 39.68dB
Epoch [20/400] Batch [260/925] G: 0.0798 (enc: 0.1678, dec: 0.0733, adv: 1.4044) D: (cover: 0.5988, enc: 0.3131) PSNR: 39.45dB
Epoch [20/400] Batch [280/925] G: 0.0798 (enc: 0.1685, dec: 0.0737, adv: 1.1011) D: (cover: 0.3582, enc: 0.4795) PSNR: 39.80dB
Epoch [20/400] Batch [300/925] G: 0.0829 (enc: 0.1693, dec: 0.0766, adv: 1.2216) D: (cover: 0.4859, enc: 0.3557) PSNR: 39.94dB
Epoch [20/400] Batch [320/925] G: 0.0807 (enc: 0.1657, dec: 0.0747, adv: 1.0951) D: (cover: 0.3958, enc: 0.3989) PSNR: 39.90dB
Epoch [20/400] Batch [340/925] G: 0.0828 (enc: 0.1681, dec: 0.0767, adv: 1.0589) D: (cover: 0.3501, enc: 0.4941) PSNR: 39.73dB
Epoch [20/400] Batch [360/925] G: 0.0828 (enc: 0.1659, dec: 0.0768, adv: 1.0193) D: (cover: 0.3346, enc: 0.5104) PSNR: 39.92dB
Epoch [20/400] Batch [380/925] G: 0.0804 (enc: 0.1681, dec: 0.0741, adv: 1.3396) D: (cover: 0.6414, enc: 0.3289) PSNR: 40.16dB
Epoch [20/400] Batch [400/925] G: 0.0813 (enc: 0.1704, dec: 0.0750, adv: 1.2524) D: (cover: 0.5022, enc: 0.3753) PSNR: 40.08dB
Epoch [20/400] Batch [420/925] G: 0.0838 (enc: 0.1683, dec: 0.0777, adv: 1.1111) D: (cover: 0.5040, enc: 0.4148) PSNR: 40.08dB
Epoch [20/400] Batch [440/925] G: 0.0819 (enc: 0.1642, dec: 0.0759, adv: 1.1004) D: (cover: 0.2578, enc: 0.5276) PSNR: 40.32dB
Epoch [20/400] Batch [460/925] G: 0.0801 (enc: 0.1711, dec: 0.0738, adv: 1.1341) D: (cover: 0.4189, enc: 0.4633) PSNR: 40.17dB
Epoch [20/400] Batch [480/925] G: 0.0814 (enc: 0.1619, dec: 0.0753, adv: 1.1746) D: (cover: 0.4891, enc: 0.3768) PSNR: 39.78dB
Epoch [20/400] Batch [500/925] G: 0.0792 (enc: 0.1684, dec: 0.0732, adv: 0.9622) D: (cover: 0.2831, enc: 0.5505) PSNR: 39.73dB
Epoch [20/400] Batch [520/925] G: 0.0829 (enc: 0.1680, dec: 0.0769, adv: 0.9330) D: (cover: 0.2737, enc: 0.5332) PSNR: 39.28dB
Epoch [20/400] Batch [540/925] G: 0.0844 (enc: 0.1698, dec: 0.0782, adv: 1.1286) D: (cover: 0.3122, enc: 0.4707) PSNR: 39.86dB
Epoch [20/400] Batch [560/925] G: 0.0826 (enc: 0.1713, dec: 0.0766, adv: 0.9407) D: (cover: 0.3104, enc: 0.5570) PSNR: 39.58dB
Epoch [20/400] Batch [580/925] G: 0.0831 (enc: 0.1656, dec: 0.0770, adv: 1.0678) D: (cover: 0.3620, enc: 0.4744) PSNR: 40.30dB
Epoch [20/400] Batch [600/925] G: 0.0845 (enc: 0.1638, dec: 0.0784, adv: 1.1696) D: (cover: 0.4327, enc: 0.4341) PSNR: 40.14dB
Epoch [20/400] Batch [620/925] G: 0.0835 (enc: 0.1605, dec: 0.0776, adv: 1.0704) D: (cover: 0.4443, enc: 0.4092) PSNR: 40.04dB
Epoch [20/400] Batch [640/925] G: 0.0838 (enc: 0.1676, dec: 0.0777, adv: 1.0146) D: (cover: 0.3789, enc: 0.4759) PSNR: 39.53dB
Epoch [20/400] Batch [660/925] G: 0.0824 (enc: 0.1646, dec: 0.0766, adv: 0.8371) D: (cover: 0.3016, enc: 0.6232) PSNR: 39.71dB
Epoch [20/400] Batch [680/925] G: 0.0859 (enc: 0.1644, dec: 0.0800, adv: 1.0261) D: (cover: 0.4726, enc: 0.4165) PSNR: 39.65dB
Epoch [20/400] Batch [700/925] G: 0.0825 (enc: 0.1629, dec: 0.0767, adv: 0.9636) D: (cover: 0.4090, enc: 0.4710) PSNR: 39.93dB
Epoch [20/400] Batch [720/925] G: 0.0801 (enc: 0.1647, dec: 0.0741, adv: 1.1026) D: (cover: 0.3937, enc: 0.4646) PSNR: 39.92dB
Epoch [20/400] Batch [740/925] G: 0.0830 (enc: 0.1650, dec: 0.0769, adv: 1.1459) D: (cover: 0.4902, enc: 0.3883) PSNR: 39.47dB
Epoch [20/400] Batch [760/925] G: 0.0786 (enc: 0.1671, dec: 0.0725, adv: 1.0130) D: (cover: 0.3012, enc: 0.5162) PSNR: 40.13dB
Epoch [20/400] Batch [780/925] G: 0.0827 (enc: 0.1652, dec: 0.0766, adv: 1.1530) D: (cover: 0.4578, enc: 0.4042) PSNR: 39.45dB
Epoch [20/400] Batch [800/925] G: 0.0836 (enc: 0.1617, dec: 0.0776, adv: 1.1424) D: (cover: 0.5149, enc: 0.3810) PSNR: 40.06dB
Epoch [20/400] Batch [820/925] G: 0.0829 (enc: 0.1635, dec: 0.0768, adv: 1.1360) D: (cover: 0.3754, enc: 0.4445) PSNR: 39.83dB
Epoch [20/400] Batch [840/925] G: 0.0831 (enc: 0.1682, dec: 0.0768, adv: 1.2745) D: (cover: 0.3801, enc: 0.3970) PSNR: 39.93dB
Epoch [20/400] Batch [860/925] G: 0.0818 (enc: 0.1672, dec: 0.0756, adv: 1.1184) D: (cover: 0.4315, enc: 0.4166) PSNR: 39.69dB
Epoch [20/400] Batch [880/925] G: 0.0818 (enc: 0.1700, dec: 0.0754, adv: 1.2470) D: (cover: 0.5055, enc: 0.3235) PSNR: 39.91dB
Epoch [20/400] Batch [900/925] G: 0.0812 (enc: 0.1629, dec: 0.0753, adv: 0.9817) D: (cover: 0.4245, enc: 0.4529) PSNR: 40.02dB
Epoch [20/400] Batch [920/925] G: 0.0825 (enc: 0.1726, dec: 0.0762, adv: 1.0741) D: (cover: 0.4851, enc: 0.4065) PSNR: 39.51dB
Epoch [20/400] 训练平均损失: 0.0829
Epoch [20/400] 验证平均损失: 0.1024 enc: 0.1811, dec: 0.0929 PSNR: 39.06dB
Epoch [20/400] 验证耗时: 10.02s
Epoch [20/400] 保存验证输出耗时: 0.03s
Epoch [20/400] 训练耗时: 470.39s
Epoch [20/400] 保存检查点耗时: 0.00s
Epoch [20/400] 总耗时: 480.44s
Epoch [21/400] 第1批数据获取耗时: 1.02s
Epoch [21/400] Batch [20/925] G: 0.0810 (enc: 0.1683, dec: 0.0747, adv: 1.2573) D: (cover: 0.4330, enc: 0.3909) PSNR: 39.50dB
Epoch [21/400] Batch [40/925] G: 0.0830 (enc: 0.1573, dec: 0.0772, adv: 1.0350) D: (cover: 0.4252, enc: 0.4495) PSNR: 39.37dB
Epoch [21/400] Batch [60/925] G: 0.0787 (enc: 0.1646, dec: 0.0726, adv: 1.1847) D: (cover: 0.4810, enc: 0.3861) PSNR: 39.96dB
Epoch [21/400] Batch [80/925] G: 0.0823 (enc: 0.1615, dec: 0.0763, adv: 1.1348) D: (cover: 0.5122, enc: 0.3943) PSNR: 39.92dB
Epoch [21/400] Batch [100/925] G: 0.0754 (enc: 0.1611, dec: 0.0694, adv: 1.1308) D: (cover: 0.3485, enc: 0.4511) PSNR: 40.05dB
Epoch [21/400] Batch [120/925] G: 0.0809 (enc: 0.1615, dec: 0.0749, adv: 1.2110) D: (cover: 0.4940, enc: 0.3460) PSNR: 40.20dB
Epoch [21/400] Batch [140/925] G: 0.0811 (enc: 0.1593, dec: 0.0751, adv: 1.1669) D: (cover: 0.4732, enc: 0.4469) PSNR: 40.23dB
Epoch [21/400] Batch [160/925] G: 0.0819 (enc: 0.1607, dec: 0.0761, adv: 1.0545) D: (cover: 0.4940, enc: 0.4184) PSNR: 40.01dB
Epoch [21/400] Batch [180/925] G: 0.0831 (enc: 0.1604, dec: 0.0772, adv: 1.1187) D: (cover: 0.4147, enc: 0.4519) PSNR: 40.22dB
Epoch [21/400] Batch [200/925] G: 0.0836 (enc: 0.1614, dec: 0.0776, adv: 1.0939) D: (cover: 0.3720, enc: 0.5063) PSNR: 39.64dB
Epoch [21/400] Batch [220/925] G: 0.0843 (enc: 0.1584, dec: 0.0782, adv: 1.2522) D: (cover: 0.3526, enc: 0.4598) PSNR: 39.76dB
Epoch [21/400] Batch [240/925] G: 0.0818 (enc: 0.1566, dec: 0.0758, adv: 1.2681) D: (cover: 0.5166, enc: 0.3485) PSNR: 39.72dB
Epoch [21/400] Batch [260/925] G: 0.0854 (enc: 0.1588, dec: 0.0796, adv: 0.9774) D: (cover: 0.4850, enc: 0.4278) PSNR: 39.98dB
Epoch [21/400] Batch [280/925] G: 0.0832 (enc: 0.1551, dec: 0.0774, adv: 1.1501) D: (cover: 0.4776, enc: 0.3529) PSNR: 39.67dB
Epoch [21/400] Batch [300/925] G: 0.0814 (enc: 0.1594, dec: 0.0756, adv: 1.0135) D: (cover: 0.3610, enc: 0.5113) PSNR: 40.12dB
Epoch [21/400] Batch [320/925] G: 0.0831 (enc: 0.1598, dec: 0.0773, adv: 0.9448) D: (cover: 0.4234, enc: 0.4902) PSNR: 39.76dB
Epoch [21/400] Batch [340/925] G: 0.0784 (enc: 0.1640, dec: 0.0723, adv: 1.2076) D: (cover: 0.4677, enc: 0.3446) PSNR: 39.60dB
Epoch [21/400] Batch [360/925] G: 0.0801 (enc: 0.1662, dec: 0.0741, adv: 0.9970) D: (cover: 0.2929, enc: 0.5359) PSNR: 39.87dB
Epoch [21/400] Batch [380/925] G: 0.0792 (enc: 0.1667, dec: 0.0732, adv: 1.0841) D: (cover: 0.4407, enc: 0.4564) PSNR: 40.19dB
Epoch [21/400] Batch [400/925] G: 0.0784 (enc: 0.1646, dec: 0.0724, adv: 1.1180) D: (cover: 0.3935, enc: 0.4596) PSNR: 40.04dB
Epoch [21/400] Batch [420/925] G: 0.0832 (enc: 0.1605, dec: 0.0772, adv: 1.2170) D: (cover: 0.4296, enc: 0.4276) PSNR: 40.02dB
Epoch [21/400] Batch [440/925] G: 0.0788 (enc: 0.1589, dec: 0.0729, adv: 1.1958) D: (cover: 0.3970, enc: 0.4134) PSNR: 39.93dB
Epoch [21/400] Batch [460/925] G: 0.0812 (enc: 0.1625, dec: 0.0751, adv: 1.1640) D: (cover: 0.5322, enc: 0.3735) PSNR: 40.12dB
Epoch [21/400] Batch [480/925] G: 0.0800 (enc: 0.1610, dec: 0.0741, adv: 1.0811) D: (cover: 0.3881, enc: 0.4340) PSNR: 39.86dB
Epoch [21/400] Batch [500/925] G: 0.0812 (enc: 0.1579, dec: 0.0753, adv: 1.1805) D: (cover: 0.4942, enc: 0.4159) PSNR: 39.92dB
Epoch [21/400] Batch [520/925] G: 0.0866 (enc: 0.1535, dec: 0.0810, adv: 1.0166) D: (cover: 0.3915, enc: 0.4719) PSNR: 39.90dB
Epoch [21/400] Batch [540/925] G: 0.0793 (enc: 0.1639, dec: 0.0731, adv: 1.2861) D: (cover: 0.4701, enc: 0.4191) PSNR: 39.93dB
Epoch [21/400] Batch [560/925] G: 0.0862 (enc: 0.1547, dec: 0.0805, adv: 1.0005) D: (cover: 0.3739, enc: 0.4865) PSNR: 40.30dB
Epoch [21/400] Batch [580/925] G: 0.0832 (enc: 0.1607, dec: 0.0772, adv: 1.1369) D: (cover: 0.4555, enc: 0.3914) PSNR: 40.06dB
Epoch [21/400] Batch [600/925] G: 0.0838 (enc: 0.1575, dec: 0.0780, adv: 1.0896) D: (cover: 0.4281, enc: 0.4189) PSNR: 39.89dB
Epoch [21/400] Batch [620/925] G: 0.0797 (enc: 0.1589, dec: 0.0738, adv: 1.0794) D: (cover: 0.3702, enc: 0.5095) PSNR: 40.10dB
Epoch [21/400] Batch [640/925] G: 0.0866 (enc: 0.1568, dec: 0.0809, adv: 0.9592) D: (cover: 0.4213, enc: 0.4989) PSNR: 40.09dB
Epoch [21/400] Batch [660/925] G: 0.0832 (enc: 0.1602, dec: 0.0773, adv: 1.0472) D: (cover: 0.4274, enc: 0.4620) PSNR: 40.17dB
Epoch [21/400] Batch [680/925] G: 0.0782 (enc: 0.1594, dec: 0.0723, adv: 1.1286) D: (cover: 0.4247, enc: 0.4607) PSNR: 40.23dB
Epoch [21/400] Batch [700/925] G: 0.0770 (enc: 0.1646, dec: 0.0711, adv: 0.9680) D: (cover: 0.3162, enc: 0.5619) PSNR: 39.97dB
Epoch [21/400] Batch [720/925] G: 0.0828 (enc: 0.1595, dec: 0.0770, adv: 0.9404) D: (cover: 0.3686, enc: 0.5269) PSNR: 39.91dB
Epoch [21/400] Batch [740/925] G: 0.0745 (enc: 0.1586, dec: 0.0685, adv: 1.2538) D: (cover: 0.3706, enc: 0.4316) PSNR: 39.97dB
Epoch [21/400] Batch [760/925] G: 0.0773 (enc: 0.1669, dec: 0.0712, adv: 1.1014) D: (cover: 0.3440, enc: 0.4501) PSNR: 40.00dB
Epoch [21/400] Batch [780/925] G: 0.0826 (enc: 0.1570, dec: 0.0768, adv: 1.0754) D: (cover: 0.5680, enc: 0.3976) PSNR: 40.33dB
Epoch [21/400] Batch [800/925] G: 0.0767 (enc: 0.1641, dec: 0.0706, adv: 1.1441) D: (cover: 0.5636, enc: 0.3127) PSNR: 39.97dB
Epoch [21/400] Batch [820/925] G: 0.0816 (enc: 0.1551, dec: 0.0758, adv: 1.1392) D: (cover: 0.4433, enc: 0.4341) PSNR: 39.64dB
Epoch [21/400] Batch [840/925] G: 0.0797 (enc: 0.1608, dec: 0.0738, adv: 1.1363) D: (cover: 0.5144, enc: 0.3501) PSNR: 39.48dB
Epoch [21/400] Batch [860/925] G: 0.0790 (enc: 0.1600, dec: 0.0731, adv: 1.1276) D: (cover: 0.2521, enc: 0.5266) PSNR: 40.05dB
Epoch [21/400] Batch [880/925] G: 0.0802 (enc: 0.1584, dec: 0.0744, adv: 1.0537) D: (cover: 0.3791, enc: 0.4476) PSNR: 39.79dB
Epoch [21/400] Batch [900/925] G: 0.0796 (enc: 0.1603, dec: 0.0735, adv: 1.2623) D: (cover: 0.4689, enc: 0.3823) PSNR: 39.78dB
Epoch [21/400] Batch [920/925] G: 0.0806 (enc: 0.1571, dec: 0.0746, adv: 1.2635) D: (cover: 0.5607, enc: 0.3326) PSNR: 40.11dB
Epoch [21/400] 训练平均损失: 0.0818
Epoch [21/400] 验证平均损失: 0.0995 enc: 0.1634, dec: 0.0968 PSNR: 39.79dB
Epoch [21/400] 验证耗时: 10.08s
Epoch [21/400] 保存验证输出耗时: 0.03s
Epoch [21/400] 训练耗时: 470.12s
Epoch [21/400] 保存检查点耗时: 0.02s
Epoch [21/400] 总耗时: 480.24s
Epoch [22/400] 第1批数据获取耗时: 1.18s
Epoch [22/400] Batch [20/925] G: 0.0846 (enc: 0.1566, dec: 0.0789, adv: 0.9563) D: (cover: 0.3575, enc: 0.5035) PSNR: 40.12dB
Epoch [22/400] Batch [40/925] G: 0.0789 (enc: 0.1644, dec: 0.0730, adv: 1.0592) D: (cover: 0.3682, enc: 0.4579) PSNR: 40.07dB
Epoch [22/400] Batch [60/925] G: 0.0826 (enc: 0.1562, dec: 0.0768, adv: 1.0946) D: (cover: 0.4076, enc: 0.4596) PSNR: 40.10dB
Epoch [22/400] Batch [80/925] G: 0.0819 (enc: 0.1552, dec: 0.0762, adv: 0.9698) D: (cover: 0.2643, enc: 0.5954) PSNR: 40.20dB
Epoch [22/400] Batch [100/925] G: 0.0865 (enc: 0.1487, dec: 0.0810, adv: 0.9444) D: (cover: 0.3683, enc: 0.5591) PSNR: 40.16dB
Epoch [22/400] Batch [120/925] G: 0.0806 (enc: 0.1598, dec: 0.0747, adv: 1.1349) D: (cover: 0.4497, enc: 0.3658) PSNR: 39.65dB
Epoch [22/400] Batch [140/925] G: 0.0813 (enc: 0.1581, dec: 0.0756, adv: 0.9721) D: (cover: 0.3714, enc: 0.4669) PSNR: 39.79dB
Epoch [22/400] Batch [160/925] G: 0.0777 (enc: 0.1593, dec: 0.0717, adv: 1.2294) D: (cover: 0.4260, enc: 0.4035) PSNR: 40.07dB
Epoch [22/400] Batch [180/925] G: 0.0789 (enc: 0.1592, dec: 0.0731, adv: 1.0540) D: (cover: 0.4220, enc: 0.4910) PSNR: 40.20dB
Epoch [22/400] Batch [200/925] G: 0.0779 (enc: 0.1622, dec: 0.0719, adv: 1.1624) D: (cover: 0.3602, enc: 0.4169) PSNR: 39.86dB
Epoch [22/400] Batch [220/925] G: 0.0777 (enc: 0.1619, dec: 0.0718, adv: 1.0579) D: (cover: 0.3622, enc: 0.4700) PSNR: 39.99dB
Epoch [22/400] Batch [240/925] G: 0.0840 (enc: 0.1512, dec: 0.0783, adv: 1.0867) D: (cover: 0.4424, enc: 0.4212) PSNR: 40.18dB
Epoch [22/400] Batch [260/925] G: 0.0786 (enc: 0.1631, dec: 0.0726, adv: 1.0789) D: (cover: 0.4471, enc: 0.3700) PSNR: 40.05dB
Epoch [22/400] Batch [280/925] G: 0.0803 (enc: 0.1557, dec: 0.0746, adv: 1.0146) D: (cover: 0.3757, enc: 0.5087) PSNR: 40.21dB
Epoch [22/400] Batch [300/925] G: 0.0809 (enc: 0.1539, dec: 0.0752, adv: 1.0536) D: (cover: 0.3989, enc: 0.4205) PSNR: 40.04dB
Epoch [22/400] Batch [320/925] G: 0.0818 (enc: 0.1567, dec: 0.0761, adv: 1.0532) D: (cover: 0.5831, enc: 0.3660) PSNR: 39.73dB
Epoch [22/400] Batch [340/925] G: 0.0824 (enc: 0.1581, dec: 0.0764, adv: 1.2560) D: (cover: 0.5362, enc: 0.3799) PSNR: 39.75dB
Epoch [22/400] Batch [360/925] G: 0.0838 (enc: 0.1621, dec: 0.0778, adv: 1.1649) D: (cover: 0.4311, enc: 0.4526) PSNR: 40.03dB
Epoch [22/400] Batch [380/925] G: 0.0816 (enc: 0.1567, dec: 0.0757, adv: 1.1862) D: (cover: 0.4805, enc: 0.4493) PSNR: 40.27dB
Epoch [22/400] Batch [400/925] G: 0.0862 (enc: 0.1555, dec: 0.0803, adv: 1.1837) D: (cover: 0.5025, enc: 0.3769) PSNR: 39.57dB
Epoch [22/400] Batch [420/925] G: 0.0781 (enc: 0.1599, dec: 0.0722, adv: 1.0744) D: (cover: 0.3759, enc: 0.4519) PSNR: 40.37dB
Epoch [22/400] Batch [440/925] G: 0.0823 (enc: 0.1575, dec: 0.0764, adv: 1.2519) D: (cover: 0.4679, enc: 0.3757) PSNR: 40.04dB
Epoch [22/400] Batch [460/925] G: 0.0846 (enc: 0.1593, dec: 0.0788, adv: 1.0143) D: (cover: 0.4211, enc: 0.4486) PSNR: 40.04dB
Epoch [22/400] Batch [480/925] G: 0.0779 (enc: 0.1588, dec: 0.0722, adv: 1.0045) D: (cover: 0.3475, enc: 0.5108) PSNR: 40.24dB
Epoch [22/400] Batch [500/925] G: 0.0841 (enc: 0.1453, dec: 0.0788, adv: 0.9352) D: (cover: 0.3087, enc: 0.5994) PSNR: 39.74dB
Epoch [22/400] Batch [520/925] G: 0.0808 (enc: 0.1500, dec: 0.0753, adv: 1.0487) D: (cover: 0.4031, enc: 0.4833) PSNR: 40.02dB
Epoch [22/400] Batch [540/925] G: 0.0818 (enc: 0.1500, dec: 0.0761, adv: 1.2080) D: (cover: 0.5755, enc: 0.3963) PSNR: 40.09dB
Epoch [22/400] Batch [560/925] G: 0.0793 (enc: 0.1538, dec: 0.0735, adv: 1.1603) D: (cover: 0.4263, enc: 0.3957) PSNR: 40.19dB
Epoch [22/400] Batch [580/925] G: 0.0822 (enc: 0.1523, dec: 0.0767, adv: 0.9369) D: (cover: 0.3810, enc: 0.5578) PSNR: 40.44dB
Epoch [22/400] Batch [600/925] G: 0.0824 (enc: 0.1478, dec: 0.0769, adv: 1.0427) D: (cover: 0.3689, enc: 0.4399) PSNR: 40.42dB
Epoch [22/400] Batch [620/925] G: 0.0789 (enc: 0.1574, dec: 0.0730, adv: 1.1615) D: (cover: 0.4783, enc: 0.3738) PSNR: 40.30dB
Epoch [22/400] Batch [640/925] G: 0.0820 (enc: 0.1571, dec: 0.0761, adv: 1.1819) D: (cover: 0.4460, enc: 0.3817) PSNR: 40.33dB
Epoch [22/400] Batch [660/925] G: 0.0817 (enc: 0.1543, dec: 0.0759, adv: 1.1524) D: (cover: 0.3884, enc: 0.4015) PSNR: 40.25dB
Epoch [22/400] Batch [680/925] G: 0.0755 (enc: 0.1613, dec: 0.0696, adv: 1.1062) D: (cover: 0.4266, enc: 0.4198) PSNR: 40.24dB
Epoch [22/400] Batch [700/925] G: 0.0837 (enc: 0.1546, dec: 0.0782, adv: 0.8674) D: (cover: 0.2097, enc: 0.7557) PSNR: 40.37dB
Epoch [22/400] Batch [720/925] G: 0.0819 (enc: 0.1582, dec: 0.0760, adv: 1.1564) D: (cover: 0.4455, enc: 0.4677) PSNR: 40.20dB
Epoch [22/400] Batch [740/925] G: 0.0851 (enc: 0.1488, dec: 0.0796, adv: 1.0751) D: (cover: 0.4253, enc: 0.4777) PSNR: 40.50dB
Epoch [22/400] Batch [760/925] G: 0.0834 (enc: 0.1548, dec: 0.0776, adv: 1.1886) D: (cover: 0.4600, enc: 0.4193) PSNR: 40.58dB
Epoch [22/400] Batch [780/925] G: 0.0805 (enc: 0.1497, dec: 0.0750, adv: 0.9639) D: (cover: 0.4699, enc: 0.4822) PSNR: 40.27dB
Epoch [22/400] Batch [800/925] G: 0.0838 (enc: 0.1566, dec: 0.0779, adv: 1.1322) D: (cover: 0.4995, enc: 0.4219) PSNR: 40.10dB
Epoch [22/400] Batch [820/925] G: 0.0801 (enc: 0.1584, dec: 0.0743, adv: 1.1147) D: (cover: 0.4176, enc: 0.4276) PSNR: 40.20dB
Epoch [22/400] Batch [840/925] G: 0.0812 (enc: 0.1554, dec: 0.0755, adv: 1.0593) D: (cover: 0.5292, enc: 0.3936) PSNR: 40.14dB
Epoch [22/400] Batch [860/925] G: 0.0785 (enc: 0.1531, dec: 0.0728, adv: 1.1156) D: (cover: 0.5983, enc: 0.4005) PSNR: 39.97dB
Epoch [22/400] Batch [880/925] G: 0.0800 (enc: 0.1521, dec: 0.0744, adv: 0.9559) D: (cover: 0.3428, enc: 0.5199) PSNR: 40.06dB
Epoch [22/400] Batch [900/925] G: 0.0789 (enc: 0.1546, dec: 0.0732, adv: 1.1292) D: (cover: 0.4661, enc: 0.3901) PSNR: 40.17dB
Epoch [22/400] Batch [920/925] G: 0.0826 (enc: 0.1551, dec: 0.0770, adv: 1.0009) D: (cover: 0.3886, enc: 0.4768) PSNR: 40.24dB
Epoch [22/400] 训练平均损失: 0.0807
Epoch [22/400] 验证平均损失: 0.1097 enc: 0.1626, dec: 0.0949 PSNR: 40.37dB
Epoch [22/400] 验证耗时: 9.99s
Epoch [22/400] 保存验证输出耗时: 0.03s
Epoch [22/400] 训练耗时: 470.40s
Epoch [22/400] 保存检查点耗时: 0.00s
Epoch [22/400] 总耗时: 480.42s
Epoch [23/400] 第1批数据获取耗时: 1.48s
Epoch [23/400] Batch [20/925] G: 0.0781 (enc: 0.1593, dec: 0.0721, adv: 1.1943) D: (cover: 0.4935, enc: 0.4358) PSNR: 40.20dB
Epoch [23/400] Batch [40/925] G: 0.0802 (enc: 0.1605, dec: 0.0741, adv: 1.2994) D: (cover: 0.4812, enc: 0.3457) PSNR: 40.09dB
Epoch [23/400] Batch [60/925] G: 0.0795 (enc: 0.1532, dec: 0.0737, adv: 1.2036) D: (cover: 0.5668, enc: 0.3592) PSNR: 39.92dB
Epoch [23/400] Batch [80/925] G: 0.0785 (enc: 0.1574, dec: 0.0726, adv: 1.1201) D: (cover: 0.5054, enc: 0.3506) PSNR: 40.10dB
Epoch [23/400] Batch [100/925] G: 0.0805 (enc: 0.1549, dec: 0.0747, adv: 1.1549) D: (cover: 0.5299, enc: 0.3742) PSNR: 39.92dB
Epoch [23/400] Batch [120/925] G: 0.0785 (enc: 0.1558, dec: 0.0730, adv: 0.8832) D: (cover: 0.3350, enc: 0.5326) PSNR: 40.20dB
Epoch [23/400] Batch [140/925] G: 0.0766 (enc: 0.1543, dec: 0.0708, adv: 1.1164) D: (cover: 0.3267, enc: 0.5072) PSNR: 40.31dB
Epoch [23/400] Batch [160/925] G: 0.0785 (enc: 0.1605, dec: 0.0725, adv: 1.1394) D: (cover: 0.4168, enc: 0.4322) PSNR: 40.04dB
Epoch [23/400] Batch [180/925] G: 0.0844 (enc: 0.1530, dec: 0.0786, adv: 1.1735) D: (cover: 0.4803, enc: 0.3958) PSNR: 39.84dB
Epoch [23/400] Batch [200/925] G: 0.0832 (enc: 0.1524, dec: 0.0773, adv: 1.2690) D: (cover: 0.4783, enc: 0.3839) PSNR: 40.23dB
Epoch [23/400] Batch [220/925] G: 0.0798 (enc: 0.1607, dec: 0.0740, adv: 0.9913) D: (cover: 0.4404, enc: 0.4828) PSNR: 40.17dB
Epoch [23/400] Batch [240/925] G: 0.0814 (enc: 0.1571, dec: 0.0755, adv: 1.2129) D: (cover: 0.5629, enc: 0.3798) PSNR: 40.22dB
Epoch [23/400] Batch [260/925] G: 0.0800 (enc: 0.1570, dec: 0.0741, adv: 1.2304) D: (cover: 0.6018, enc: 0.3667) PSNR: 40.32dB
Epoch [23/400] Batch [280/925] G: 0.0767 (enc: 0.1539, dec: 0.0711, adv: 0.9946) D: (cover: 0.3889, enc: 0.4817) PSNR: 40.22dB
Epoch [23/400] Batch [300/925] G: 0.0807 (enc: 0.1573, dec: 0.0748, adv: 1.2208) D: (cover: 0.5151, enc: 0.3758) PSNR: 40.14dB
Epoch [23/400] Batch [320/925] G: 0.0791 (enc: 0.1559, dec: 0.0733, adv: 1.1041) D: (cover: 0.4799, enc: 0.3620) PSNR: 40.21dB
Epoch [23/400] Batch [340/925] G: 0.0787 (enc: 0.1551, dec: 0.0730, adv: 1.0693) D: (cover: 0.4566, enc: 0.4515) PSNR: 39.91dB
Epoch [23/400] Batch [360/925] G: 0.0806 (enc: 0.1541, dec: 0.0750, adv: 0.9710) D: (cover: 0.3326, enc: 0.5601) PSNR: 39.47dB
Epoch [23/400] Batch [380/925] G: 0.0803 (enc: 0.1531, dec: 0.0746, adv: 1.0945) D: (cover: 0.4816, enc: 0.4067) PSNR: 40.11dB
Epoch [23/400] Batch [400/925] G: 0.0772 (enc: 0.1533, dec: 0.0715, adv: 1.0457) D: (cover: 0.3160, enc: 0.6094) PSNR: 40.20dB
Epoch [23/400] Batch [420/925] G: 0.0805 (enc: 0.1501, dec: 0.0749, adv: 1.0705) D: (cover: 0.4536, enc: 0.4478) PSNR: 39.97dB
Epoch [23/400] Batch [440/925] G: 0.0771 (enc: 0.1588, dec: 0.0713, adv: 1.0897) D: (cover: 0.4519, enc: 0.4054) PSNR: 39.74dB
Epoch [23/400] Batch [460/925] G: 0.0799 (enc: 0.1570, dec: 0.0743, adv: 0.9386) D: (cover: 0.4189, enc: 0.4650) PSNR: 40.06dB
Epoch [23/400] Batch [480/925] G: 0.0789 (enc: 0.1567, dec: 0.0733, adv: 0.9653) D: (cover: 0.4179, enc: 0.4561) PSNR: 39.86dB
Epoch [23/400] Batch [500/925] G: 0.0728 (enc: 0.1629, dec: 0.0668, adv: 1.0810) D: (cover: 0.3869, enc: 0.4412) PSNR: 39.96dB
Epoch [23/400] Batch [520/925] G: 0.0784 (enc: 0.1589, dec: 0.0725, adv: 1.2049) D: (cover: 0.4493, enc: 0.3852) PSNR: 40.05dB
Epoch [23/400] Batch [540/925] G: 0.0806 (enc: 0.1593, dec: 0.0747, adv: 1.1016) D: (cover: 0.5332, enc: 0.3878) PSNR: 39.59dB
Epoch [23/400] Batch [560/925] G: 0.0784 (enc: 0.1639, dec: 0.0723, adv: 1.1617) D: (cover: 0.5541, enc: 0.3849) PSNR: 39.92dB
Epoch [23/400] Batch [580/925] G: 0.0753 (enc: 0.1640, dec: 0.0692, adv: 1.1843) D: (cover: 0.4836, enc: 0.4292) PSNR: 40.26dB
Epoch [23/400] Batch [600/925] G: 0.0753 (enc: 0.1662, dec: 0.0691, adv: 1.2186) D: (cover: 0.5246, enc: 0.3632) PSNR: 40.30dB
Epoch [23/400] Batch [620/925] G: 0.0777 (enc: 0.1621, dec: 0.0716, adv: 1.2447) D: (cover: 0.4811, enc: 0.3657) PSNR: 39.84dB
Epoch [23/400] Batch [640/925] G: 0.0777 (enc: 0.1651, dec: 0.0718, adv: 0.9728) D: (cover: 0.4479, enc: 0.4660) PSNR: 40.02dB
Epoch [23/400] Batch [660/925] G: 0.0740 (enc: 0.1636, dec: 0.0679, adv: 1.1691) D: (cover: 0.4907, enc: 0.3809) PSNR: 40.22dB
Epoch [23/400] Batch [680/925] G: 0.0724 (enc: 0.1639, dec: 0.0664, adv: 1.1360) D: (cover: 0.4090, enc: 0.4080) PSNR: 40.15dB
Epoch [23/400] Batch [700/925] G: 0.0768 (enc: 0.1669, dec: 0.0709, adv: 0.9724) D: (cover: 0.3257, enc: 0.5253) PSNR: 40.08dB
Epoch [23/400] Batch [720/925] G: 0.0753 (enc: 0.1689, dec: 0.0693, adv: 1.0261) D: (cover: 0.4467, enc: 0.4486) PSNR: 40.18dB
Epoch [23/400] Batch [740/925] G: 0.0709 (enc: 0.1640, dec: 0.0650, adv: 0.9271) D: (cover: 0.3971, enc: 0.5559) PSNR: 40.22dB
Epoch [23/400] Batch [760/925] G: 0.0749 (enc: 0.1676, dec: 0.0688, adv: 1.0952) D: (cover: 0.3956, enc: 0.4393) PSNR: 40.04dB
Epoch [23/400] Batch [780/925] G: 0.0799 (enc: 0.1597, dec: 0.0739, adv: 1.2305) D: (cover: 0.5896, enc: 0.3366) PSNR: 40.00dB
Epoch [23/400] Batch [800/925] G: 0.0780 (enc: 0.1700, dec: 0.0717, adv: 1.1625) D: (cover: 0.3791, enc: 0.4501) PSNR: 39.78dB
Epoch [23/400] Batch [820/925] G: 0.0762 (enc: 0.1656, dec: 0.0700, adv: 1.2593) D: (cover: 0.4804, enc: 0.3579) PSNR: 40.18dB
Epoch [23/400] Batch [840/925] G: 0.0754 (enc: 0.1598, dec: 0.0694, adv: 1.1327) D: (cover: 0.4873, enc: 0.4061) PSNR: 40.01dB
Epoch [23/400] Batch [860/925] G: 0.0789 (enc: 0.1602, dec: 0.0730, adv: 1.0614) D: (cover: 0.4212, enc: 0.4617) PSNR: 40.27dB
Epoch [23/400] Batch [880/925] G: 0.0752 (enc: 0.1677, dec: 0.0691, adv: 1.1422) D: (cover: 0.4297, enc: 0.4470) PSNR: 40.03dB
Epoch [23/400] Batch [900/925] G: 0.0775 (enc: 0.1592, dec: 0.0716, adv: 1.1780) D: (cover: 0.5364, enc: 0.3811) PSNR: 39.95dB
Epoch [23/400] Batch [920/925] G: 0.0720 (enc: 0.1638, dec: 0.0661, adv: 1.0052) D: (cover: 0.3060, enc: 0.5899) PSNR: 40.15dB
Epoch [23/400] 训练平均损失: 0.0782
Epoch [23/400] 验证平均损失: 0.0942 enc: 0.1703, dec: 0.0786 PSNR: 40.06dB
Epoch [23/400] 验证耗时: 9.85s
Epoch [23/400] 保存验证输出耗时: 0.03s
Epoch [23/400] 训练耗时: 470.64s
Epoch [23/400] 保存检查点耗时: 0.00s
Epoch [23/400] 总耗时: 480.52s
Epoch [24/400] 第1批数据获取耗时: 0.93s
Epoch [24/400] Batch [20/925] G: 0.0742 (enc: 0.1608, dec: 0.0683, adv: 1.0364) D: (cover: 0.4965, enc: 0.4234) PSNR: 39.95dB
Epoch [24/400] Batch [40/925] G: 0.0763 (enc: 0.1624, dec: 0.0702, adv: 1.1851) D: (cover: 0.5763, enc: 0.3337) PSNR: 40.28dB
Epoch [24/400] Batch [60/925] G: 0.0777 (enc: 0.1609, dec: 0.0717, adv: 1.1788) D: (cover: 0.5104, enc: 0.3869) PSNR: 40.20dB
Epoch [24/400] Batch [80/925] G: 0.0768 (enc: 0.1600, dec: 0.0710, adv: 1.0590) D: (cover: 0.3593, enc: 0.5103) PSNR: 40.19dB
Epoch [24/400] Batch [100/925] G: 0.0765 (enc: 0.1619, dec: 0.0704, adv: 1.1783) D: (cover: 0.4556, enc: 0.3854) PSNR: 39.88dB
Epoch [24/400] Batch [120/925] G: 0.0707 (enc: 0.1648, dec: 0.0648, adv: 0.9997) D: (cover: 0.2812, enc: 0.5593) PSNR: 40.06dB
Epoch [24/400] Batch [140/925] G: 0.0722 (enc: 0.1608, dec: 0.0662, adv: 1.1631) D: (cover: 0.4537, enc: 0.3732) PSNR: 40.18dB
Epoch [24/400] Batch [160/925] G: 0.0769 (enc: 0.1603, dec: 0.0709, adv: 1.1442) D: (cover: 0.4106, enc: 0.4278) PSNR: 40.26dB
Epoch [24/400] Batch [180/925] G: 0.0766 (enc: 0.1585, dec: 0.0708, adv: 1.0855) D: (cover: 0.4138, enc: 0.4553) PSNR: 40.44dB
Epoch [24/400] Batch [200/925] G: 0.0722 (enc: 0.1618, dec: 0.0664, adv: 0.9484) D: (cover: 0.3231, enc: 0.6070) PSNR: 40.13dB
Epoch [24/400] Batch [220/925] G: 0.0763 (enc: 0.1551, dec: 0.0705, adv: 1.1651) D: (cover: 0.5231, enc: 0.4023) PSNR: 40.18dB
Epoch [24/400] Batch [240/925] G: 0.0789 (enc: 0.1577, dec: 0.0732, adv: 0.9067) D: (cover: 0.2946, enc: 0.6338) PSNR: 40.29dB
Epoch [24/400] Batch [260/925] G: 0.0782 (enc: 0.1578, dec: 0.0723, adv: 1.1132) D: (cover: 0.4781, enc: 0.4381) PSNR: 40.22dB
Epoch [24/400] Batch [280/925] G: 0.0764 (enc: 0.1660, dec: 0.0701, adv: 1.2919) D: (cover: 0.5479, enc: 0.3763) PSNR: 40.25dB
Epoch [24/400] Batch [300/925] G: 0.0731 (enc: 0.1639, dec: 0.0668, adv: 1.3043) D: (cover: 0.5970, enc: 0.3599) PSNR: 40.31dB
Epoch [24/400] Batch [320/925] G: 0.0722 (enc: 0.1639, dec: 0.0664, adv: 0.9286) D: (cover: 0.3527, enc: 0.5401) PSNR: 40.21dB
Epoch [24/400] Batch [340/925] G: 0.0739 (enc: 0.1613, dec: 0.0680, adv: 1.0774) D: (cover: 0.3594, enc: 0.4765) PSNR: 40.45dB
Epoch [24/400] Batch [360/925] G: 0.0701 (enc: 0.1623, dec: 0.0641, adv: 1.1342) D: (cover: 0.3547, enc: 0.4442) PSNR: 40.44dB
Epoch [24/400] Batch [380/925] G: 0.0727 (enc: 0.1644, dec: 0.0666, adv: 1.1981) D: (cover: 0.4818, enc: 0.4087) PSNR: 40.31dB
Epoch [24/400] Batch [400/925] G: 0.0726 (enc: 0.1614, dec: 0.0666, adv: 1.1777) D: (cover: 0.5352, enc: 0.3319) PSNR: 40.20dB
Epoch [24/400] Batch [420/925] G: 0.0715 (enc: 0.1629, dec: 0.0655, adv: 1.1171) D: (cover: 0.4384, enc: 0.4194) PSNR: 40.51dB
Epoch [24/400] Batch [440/925] G: 0.0729 (enc: 0.1566, dec: 0.0671, adv: 1.0851) D: (cover: 0.4015, enc: 0.4556) PSNR: 40.66dB
Epoch [24/400] Batch [460/925] G: 0.0773 (enc: 0.1549, dec: 0.0715, adv: 1.1739) D: (cover: 0.5255, enc: 0.3560) PSNR: 40.29dB
Epoch [24/400] Batch [480/925] G: 0.0760 (enc: 0.1649, dec: 0.0700, adv: 1.0521) D: (cover: 0.4028, enc: 0.4138) PSNR: 40.48dB
Epoch [24/400] Batch [500/925] G: 0.0748 (enc: 0.1582, dec: 0.0690, adv: 1.0361) D: (cover: 0.4393, enc: 0.4747) PSNR: 40.09dB
Epoch [24/400] Batch [520/925] G: 0.0760 (enc: 0.1603, dec: 0.0701, adv: 1.1140) D: (cover: 0.4707, enc: 0.4247) PSNR: 39.46dB
Epoch [24/400] Batch [540/925] G: 0.0716 (enc: 0.1619, dec: 0.0656, adv: 1.1184) D: (cover: 0.5084, enc: 0.4205) PSNR: 40.24dB
Epoch [24/400] Batch [560/925] G: 0.0760 (enc: 0.1624, dec: 0.0700, adv: 1.1189) D: (cover: 0.4205, enc: 0.4144) PSNR: 40.32dB
Epoch [24/400] Batch [580/925] G: 0.0761 (enc: 0.1559, dec: 0.0704, adv: 1.0653) D: (cover: 0.6885, enc: 0.4171) PSNR: 40.49dB
Epoch [24/400] Batch [600/925] G: 0.0726 (enc: 0.1626, dec: 0.0665, adv: 1.1705) D: (cover: 0.5183, enc: 0.3836) PSNR: 40.32dB
Epoch [24/400] Batch [620/925] G: 0.0730 (enc: 0.1580, dec: 0.0672, adv: 1.0208) D: (cover: 0.4037, enc: 0.5442) PSNR: 40.17dB
Epoch [24/400] Batch [640/925] G: 0.0710 (enc: 0.1650, dec: 0.0647, adv: 1.2693) D: (cover: 0.4623, enc: 0.3866) PSNR: 40.24dB
Epoch [24/400] Batch [660/925] G: 0.0738 (enc: 0.1580, dec: 0.0681, adv: 1.0033) D: (cover: 0.4092, enc: 0.5151) PSNR: 40.26dB
Epoch [24/400] Batch [680/925] G: 0.0742 (enc: 0.1573, dec: 0.0682, adv: 1.3008) D: (cover: 0.4654, enc: 0.3663) PSNR: 40.17dB
Epoch [24/400] Batch [700/925] G: 0.0761 (enc: 0.1599, dec: 0.0702, adv: 1.1817) D: (cover: 0.4747, enc: 0.3793) PSNR: 40.05dB
Epoch [24/400] Batch [720/925] G: 0.0736 (enc: 0.1629, dec: 0.0674, adv: 1.2762) D: (cover: 0.4757, enc: 0.4198) PSNR: 40.08dB
Epoch [24/400] Batch [740/925] G: 0.0730 (enc: 0.1610, dec: 0.0669, adv: 1.2728) D: (cover: 0.5467, enc: 0.3406) PSNR: 40.32dB
Epoch [24/400] Batch [760/925] G: 0.0693 (enc: 0.1665, dec: 0.0632, adv: 1.1687) D: (cover: 0.3770, enc: 0.4235) PSNR: 40.26dB
Epoch [24/400] Batch [780/925] G: 0.0758 (enc: 0.1547, dec: 0.0701, adv: 1.0574) D: (cover: 0.4251, enc: 0.4544) PSNR: 40.43dB
Epoch [24/400] Batch [800/925] G: 0.0721 (enc: 0.1605, dec: 0.0664, adv: 0.9002) D: (cover: 0.3745, enc: 0.5605) PSNR: 40.21dB
Epoch [24/400] Batch [820/925] G: 0.0716 (enc: 0.1604, dec: 0.0657, adv: 1.0410) D: (cover: 0.3640, enc: 0.5110) PSNR: 40.55dB
Epoch [24/400] Batch [840/925] G: 0.0751 (enc: 0.1615, dec: 0.0689, adv: 1.2748) D: (cover: 0.5715, enc: 0.3812) PSNR: 40.40dB
Epoch [24/400] Batch [860/925] G: 0.0713 (enc: 0.1584, dec: 0.0652, adv: 1.3281) D: (cover: 0.5640, enc: 0.3457) PSNR: 40.19dB
Epoch [24/400] Batch [880/925] G: 0.0756 (enc: 0.1586, dec: 0.0696, adv: 1.1648) D: (cover: 0.4314, enc: 0.3949) PSNR: 40.37dB
Epoch [24/400] Batch [900/925] G: 0.0750 (enc: 0.1608, dec: 0.0690, adv: 1.1702) D: (cover: 0.4885, enc: 0.4184) PSNR: 40.40dB
Epoch [24/400] Batch [920/925] G: 0.0717 (enc: 0.1549, dec: 0.0661, adv: 0.9629) D: (cover: 0.3552, enc: 0.5258) PSNR: 40.40dB
Epoch [24/400] 训练平均损失: 0.0745
Epoch [24/400] 验证平均损失: 0.0918 enc: 0.1647, dec: 0.0767 PSNR: 39.58dB
Epoch [24/400] 验证耗时: 9.88s
Epoch [24/400] 保存验证输出耗时: 0.03s
Epoch [24/400] 训练耗时: 470.31s
Epoch [24/400] 保存检查点耗时: 0.02s
Epoch [24/400] 总耗时: 480.24s
Epoch [25/400] 第1批数据获取耗时: 0.78s
Epoch [25/400] Batch [20/925] G: 0.0763 (enc: 0.1629, dec: 0.0703, adv: 1.1528) D: (cover: 0.5874, enc: 0.3659) PSNR: 40.11dB
Epoch [25/400] Batch [40/925] G: 0.0780 (enc: 0.1633, dec: 0.0718, adv: 1.2852) D: (cover: 0.4290, enc: 0.4053) PSNR: 40.15dB
Epoch [25/400] Batch [60/925] G: 0.0760 (enc: 0.1573, dec: 0.0702, adv: 1.0789) D: (cover: 0.4632, enc: 0.4141) PSNR: 40.48dB
Epoch [25/400] Batch [80/925] G: 0.0706 (enc: 0.1612, dec: 0.0647, adv: 1.0362) D: (cover: 0.2880, enc: 0.5111) PSNR: 40.40dB
Epoch [25/400] Batch [100/925] G: 0.0701 (enc: 0.1625, dec: 0.0641, adv: 1.1091) D: (cover: 0.3346, enc: 0.4953) PSNR: 40.16dB
Epoch [25/400] Batch [120/925] G: 0.0742 (enc: 0.1604, dec: 0.0684, adv: 0.9786) D: (cover: 0.3042, enc: 0.5672) PSNR: 40.27dB
Epoch [25/400] Batch [140/925] G: 0.0762 (enc: 0.1577, dec: 0.0702, adv: 1.2797) D: (cover: 0.4902, enc: 0.3726) PSNR: 40.31dB
Epoch [25/400] Batch [160/925] G: 0.0714 (enc: 0.1603, dec: 0.0655, adv: 1.0716) D: (cover: 0.4129, enc: 0.4084) PSNR: 40.32dB
Epoch [25/400] Batch [180/925] G: 0.0740 (enc: 0.1575, dec: 0.0682, adv: 1.0243) D: (cover: 0.4131, enc: 0.4778) PSNR: 40.28dB
Epoch [25/400] Batch [200/925] G: 0.0714 (enc: 0.1617, dec: 0.0656, adv: 0.9838) D: (cover: 0.4179, enc: 0.4681) PSNR: 40.13dB
Epoch [25/400] Batch [220/925] G: 0.0779 (enc: 0.1583, dec: 0.0720, adv: 1.1617) D: (cover: 0.4578, enc: 0.4267) PSNR: 40.17dB
Epoch [25/400] Batch [240/925] G: 0.0757 (enc: 0.1519, dec: 0.0701, adv: 1.0127) D: (cover: 0.4161, enc: 0.4638) PSNR: 39.80dB
Epoch [25/400] Batch [260/925] G: 0.0791 (enc: 0.1584, dec: 0.0731, adv: 1.2829) D: (cover: 0.5681, enc: 0.3469) PSNR: 40.13dB
Epoch [25/400] Batch [280/925] G: 0.0730 (enc: 0.1556, dec: 0.0673, adv: 1.0272) D: (cover: 0.3937, enc: 0.4881) PSNR: 40.41dB
Epoch [25/400] Batch [300/925] G: 0.0743 (enc: 0.1558, dec: 0.0684, adv: 1.2068) D: (cover: 0.5138, enc: 0.3402) PSNR: 40.23dB
Epoch [25/400] Batch [320/925] G: 0.0750 (enc: 0.1569, dec: 0.0692, adv: 1.1186) D: (cover: 0.3802, enc: 0.4623) PSNR: 40.32dB
Epoch [25/400] Batch [340/925] G: 0.0704 (enc: 0.1603, dec: 0.0645, adv: 1.1014) D: (cover: 0.4201, enc: 0.4460) PSNR: 39.95dB
Epoch [25/400] Batch [360/925] G: 0.0779 (enc: 0.1545, dec: 0.0722, adv: 0.9892) D: (cover: 0.3082, enc: 0.5741) PSNR: 40.12dB
Epoch [25/400] Batch [380/925] G: 0.0752 (enc: 0.1557, dec: 0.0695, adv: 1.0778) D: (cover: 0.5009, enc: 0.4203) PSNR: 40.14dB
Epoch [25/400] Batch [400/925] G: 0.0765 (enc: 0.1565, dec: 0.0708, adv: 1.0057) D: (cover: 0.4451, enc: 0.4907) PSNR: 40.14dB
Epoch [25/400] Batch [420/925] G: 0.0757 (enc: 0.1543, dec: 0.0699, adv: 1.1405) D: (cover: 0.5003, enc: 0.4167) PSNR: 40.28dB
Epoch [25/400] Batch [440/925] G: 0.0767 (enc: 0.1577, dec: 0.0709, adv: 1.0463) D: (cover: 0.5354, enc: 0.4075) PSNR: 40.02dB
Epoch [25/400] Batch [460/925] G: 0.0735 (enc: 0.1570, dec: 0.0677, adv: 1.0894) D: (cover: 0.3931, enc: 0.4832) PSNR: 40.04dB
Epoch [25/400] Batch [480/925] G: 0.0755 (enc: 0.1565, dec: 0.0696, adv: 1.2281) D: (cover: 0.5020, enc: 0.3417) PSNR: 40.25dB
Epoch [25/400] Batch [500/925] G: 0.0697 (enc: 0.1588, dec: 0.0639, adv: 1.0011) D: (cover: 0.3163, enc: 0.5595) PSNR: 40.30dB
Epoch [25/400] Batch [520/925] G: 0.0731 (enc: 0.1557, dec: 0.0674, adv: 1.0257) D: (cover: 0.3998, enc: 0.4659) PSNR: 40.16dB
Epoch [25/400] Batch [540/925] G: 0.0744 (enc: 0.1553, dec: 0.0687, adv: 1.0839) D: (cover: 0.4476, enc: 0.4017) PSNR: 40.50dB
Epoch [25/400] Batch [560/925] G: 0.0744 (enc: 0.1560, dec: 0.0685, adv: 1.1882) D: (cover: 0.4131, enc: 0.3849) PSNR: 40.52dB
Epoch [25/400] Batch [580/925] G: 0.0715 (enc: 0.1563, dec: 0.0655, adv: 1.3124) D: (cover: 0.4880, enc: 0.3764) PSNR: 40.13dB
Epoch [25/400] Batch [600/925] G: 0.0765 (enc: 0.1575, dec: 0.0706, adv: 1.2229) D: (cover: 0.4725, enc: 0.4373) PSNR: 40.04dB
Epoch [25/400] Batch [620/925] G: 0.0695 (enc: 0.1591, dec: 0.0637, adv: 0.9989) D: (cover: 0.3500, enc: 0.5210) PSNR: 40.12dB
Epoch [25/400] Batch [640/925] G: 0.0774 (enc: 0.1541, dec: 0.0717, adv: 1.0690) D: (cover: 0.3825, enc: 0.4826) PSNR: 40.18dB
Epoch [25/400] Batch [660/925] G: 0.0739 (enc: 0.1548, dec: 0.0682, adv: 1.0913) D: (cover: 0.4774, enc: 0.3675) PSNR: 40.24dB
Epoch [25/400] Batch [680/925] G: 0.0727 (enc: 0.1502, dec: 0.0672, adv: 1.0356) D: (cover: 0.4008, enc: 0.5165) PSNR: 39.98dB
Epoch [25/400] Batch [700/925] G: 0.0728 (enc: 0.1588, dec: 0.0668, adv: 1.2255) D: (cover: 0.5573, enc: 0.3887) PSNR: 40.34dB
Epoch [25/400] Batch [720/925] G: 0.0736 (enc: 0.1598, dec: 0.0676, adv: 1.2316) D: (cover: 0.4789, enc: 0.3508) PSNR: 40.20dB
Epoch [25/400] Batch [740/925] G: 0.0719 (enc: 0.1565, dec: 0.0661, adv: 1.1416) D: (cover: 0.4825, enc: 0.4077) PSNR: 40.31dB
Epoch [25/400] Batch [760/925] G: 0.0742 (enc: 0.1561, dec: 0.0683, adv: 1.2116) D: (cover: 0.4882, enc: 0.3577) PSNR: 40.40dB
Epoch [25/400] Batch [780/925] G: 0.0747 (enc: 0.1555, dec: 0.0689, adv: 1.1515) D: (cover: 0.4969, enc: 0.3455) PSNR: 40.42dB
Epoch [25/400] Batch [800/925] G: 0.0731 (enc: 0.1514, dec: 0.0673, adv: 1.2681) D: (cover: 0.5400, enc: 0.3577) PSNR: 40.41dB
Epoch [25/400] Batch [820/925] G: 0.0710 (enc: 0.1573, dec: 0.0651, adv: 1.1516) D: (cover: 0.4780, enc: 0.4028) PSNR: 40.13dB
Epoch [25/400] Batch [840/925] G: 0.0717 (enc: 0.1536, dec: 0.0658, adv: 1.2277) D: (cover: 0.5316, enc: 0.3268) PSNR: 40.14dB
Epoch [25/400] Batch [860/925] G: 0.0693 (enc: 0.1583, dec: 0.0634, adv: 1.2079) D: (cover: 0.4333, enc: 0.3888) PSNR: 40.13dB
Epoch [25/400] Batch [880/925] G: 0.0732 (enc: 0.1516, dec: 0.0677, adv: 0.9478) D: (cover: 0.3071, enc: 0.5368) PSNR: 40.46dB
Epoch [25/400] Batch [900/925] G: 0.0708 (enc: 0.1546, dec: 0.0649, adv: 1.1837) D: (cover: 0.6964, enc: 0.3337) PSNR: 40.18dB
Epoch [25/400] Batch [920/925] G: 0.0740 (enc: 0.1552, dec: 0.0680, adv: 1.3197) D: (cover: 0.4833, enc: 0.3454) PSNR: 40.18dB
Epoch [25/400] 训练平均损失: 0.0737
Epoch [25/400] 验证平均损失: 0.0913 enc: 0.1684, dec: 0.0719 PSNR: 39.16dB
Epoch [25/400] 验证耗时: 10.11s
Epoch [25/400] 保存验证输出耗时: 0.03s
Epoch [25/400] 训练耗时: 470.04s
Epoch [25/400] 保存检查点耗时: 0.00s
Epoch [25/400] 总耗时: 480.18s
Epoch [26/400] 第1批数据获取耗时: 1.43s
Epoch [26/400] Batch [20/925] G: 0.0707 (enc: 0.1558, dec: 0.0649, adv: 1.1864) D: (cover: 0.4789, enc: 0.4186) PSNR: 40.05dB
Epoch [26/400] Batch [40/925] G: 0.0764 (enc: 0.1543, dec: 0.0709, adv: 0.9188) D: (cover: 0.2306, enc: 0.7257) PSNR: 40.26dB
Epoch [26/400] Batch [60/925] G: 0.0731 (enc: 0.1555, dec: 0.0676, adv: 0.8613) D: (cover: 0.3590, enc: 0.4749) PSNR: 40.42dB
Epoch [26/400] Batch [80/925] G: 0.0747 (enc: 0.1533, dec: 0.0690, adv: 1.0990) D: (cover: 0.4008, enc: 0.4414) PSNR: 40.25dB
Epoch [26/400] Batch [100/925] G: 0.0739 (enc: 0.1520, dec: 0.0683, adv: 1.0746) D: (cover: 0.5094, enc: 0.4317) PSNR: 40.39dB
Epoch [26/400] Batch [120/925] G: 0.0786 (enc: 0.1557, dec: 0.0730, adv: 0.9476) D: (cover: 0.2572, enc: 0.6638) PSNR: 40.29dB
Epoch [26/400] Batch [140/925] G: 0.0773 (enc: 0.1515, dec: 0.0717, adv: 1.1096) D: (cover: 0.4290, enc: 0.4273) PSNR: 40.51dB
Epoch [26/400] Batch [160/925] G: 0.0676 (enc: 0.1572, dec: 0.0618, adv: 1.0638) D: (cover: 0.4492, enc: 0.4286) PSNR: 40.24dB
Epoch [26/400] Batch [180/925] G: 0.0762 (enc: 0.1530, dec: 0.0703, adv: 1.2879) D: (cover: 0.4982, enc: 0.3739) PSNR: 40.17dB
Epoch [26/400] Batch [200/925] G: 0.0736 (enc: 0.1540, dec: 0.0678, adv: 1.1534) D: (cover: 0.5247, enc: 0.3921) PSNR: 40.43dB
Epoch [26/400] Batch [220/925] G: 0.0753 (enc: 0.1536, dec: 0.0696, adv: 1.0746) D: (cover: 0.4686, enc: 0.4108) PSNR: 40.12dB
Epoch [26/400] Batch [240/925] G: 0.0679 (enc: 0.1577, dec: 0.0621, adv: 1.0379) D: (cover: 0.3949, enc: 0.5182) PSNR: 39.69dB
Epoch [26/400] Batch [260/925] G: 0.0717 (enc: 0.1516, dec: 0.0662, adv: 0.9913) D: (cover: 0.5301, enc: 0.4432) PSNR: 40.36dB
Epoch [26/400] Batch [280/925] G: 0.0728 (enc: 0.1539, dec: 0.0672, adv: 0.9835) D: (cover: 0.3878, enc: 0.4989) PSNR: 40.20dB
Epoch [26/400] Batch [300/925] G: 0.0729 (enc: 0.1557, dec: 0.0671, adv: 1.2110) D: (cover: 0.4771, enc: 0.3887) PSNR: 40.17dB
Epoch [26/400] Batch [320/925] G: 0.0702 (enc: 0.1553, dec: 0.0648, adv: 0.8125) D: (cover: 0.2395, enc: 0.7270) PSNR: 40.21dB
Epoch [26/400] Batch [340/925] G: 0.0700 (enc: 0.1608, dec: 0.0639, adv: 1.3029) D: (cover: 0.4158, enc: 0.3820) PSNR: 40.18dB
Epoch [26/400] Batch [360/925] G: 0.0741 (enc: 0.1500, dec: 0.0685, adv: 1.1219) D: (cover: 0.5872, enc: 0.3204) PSNR: 40.35dB
Epoch [26/400] Batch [380/925] G: 0.0744 (enc: 0.1559, dec: 0.0684, adv: 1.2817) D: (cover: 0.5272, enc: 0.3571) PSNR: 39.99dB
Epoch [26/400] Batch [400/925] G: 0.0706 (enc: 0.1553, dec: 0.0647, adv: 1.2890) D: (cover: 0.4456, enc: 0.3889) PSNR: 40.04dB
Epoch [26/400] Batch [420/925] G: 0.0739 (enc: 0.1525, dec: 0.0680, adv: 1.2578) D: (cover: 0.5452, enc: 0.3365) PSNR: 39.75dB
Epoch [26/400] Batch [440/925] G: 0.0723 (enc: 0.1543, dec: 0.0665, adv: 1.2260) D: (cover: 0.5723, enc: 0.3781) PSNR: 40.42dB
Epoch [26/400] Batch [460/925] G: 0.0717 (enc: 0.1549, dec: 0.0659, adv: 1.1408) D: (cover: 0.5581, enc: 0.3974) PSNR: 40.23dB
Epoch [26/400] Batch [480/925] G: 0.0665 (enc: 0.1565, dec: 0.0605, adv: 1.2408) D: (cover: 0.4099, enc: 0.4643) PSNR: 40.03dB
Epoch [26/400] Batch [500/925] G: 0.0755 (enc: 0.1553, dec: 0.0697, adv: 1.0548) D: (cover: 0.4412, enc: 0.4609) PSNR: 40.46dB
Epoch [26/400] Batch [520/925] G: 0.0730 (enc: 0.1518, dec: 0.0671, adv: 1.3230) D: (cover: 0.6078, enc: 0.3080) PSNR: 40.44dB
Epoch [26/400] Batch [540/925] G: 0.0722 (enc: 0.1556, dec: 0.0663, adv: 1.2253) D: (cover: 0.4685, enc: 0.3996) PSNR: 40.40dB
Epoch [26/400] Batch [560/925] G: 0.0764 (enc: 0.1535, dec: 0.0709, adv: 0.9828) D: (cover: 0.3104, enc: 0.5818) PSNR: 40.51dB
Epoch [26/400] Batch [580/925] G: 0.0749 (enc: 0.1537, dec: 0.0693, adv: 0.9960) D: (cover: 0.4437, enc: 0.4594) PSNR: 40.32dB
Epoch [26/400] Batch [600/925] G: 0.0741 (enc: 0.1532, dec: 0.0686, adv: 0.9312) D: (cover: 0.3123, enc: 0.5399) PSNR: 40.37dB
Epoch [26/400] Batch [620/925] G: 0.0781 (enc: 0.1517, dec: 0.0723, adv: 1.1796) D: (cover: 0.5319, enc: 0.3701) PSNR: 40.28dB
Epoch [26/400] Batch [640/925] G: 0.0734 (enc: 0.1550, dec: 0.0676, adv: 1.1571) D: (cover: 0.4465, enc: 0.4397) PSNR: 40.37dB
Epoch [26/400] Batch [660/925] G: 0.0686 (enc: 0.1576, dec: 0.0627, adv: 1.1430) D: (cover: 0.4165, enc: 0.4615) PSNR: 40.50dB
Epoch [26/400] Batch [680/925] G: 0.0773 (enc: 0.1492, dec: 0.0716, adv: 1.1924) D: (cover: 0.6054, enc: 0.3274) PSNR: 40.43dB
Epoch [26/400] Batch [700/925] G: 0.0695 (enc: 0.1556, dec: 0.0638, adv: 1.0230) D: (cover: 0.3937, enc: 0.5803) PSNR: 40.40dB
Epoch [26/400] Batch [720/925] G: 0.0740 (enc: 0.1510, dec: 0.0686, adv: 0.8947) D: (cover: 0.4348, enc: 0.4848) PSNR: 40.13dB
Epoch [26/400] Batch [740/925] G: 0.0733 (enc: 0.1565, dec: 0.0676, adv: 1.0559) D: (cover: 0.3103, enc: 0.6394) PSNR: 40.32dB
Epoch [26/400] Batch [760/925] G: 0.0709 (enc: 0.1513, dec: 0.0655, adv: 0.8314) D: (cover: 0.3374, enc: 0.6276) PSNR: 40.54dB
Epoch [26/400] Batch [780/925] G: 0.0698 (enc: 0.1535, dec: 0.0641, adv: 1.0551) D: (cover: 0.4770, enc: 0.4231) PSNR: 40.53dB
Epoch [26/400] Batch [800/925] G: 0.0771 (enc: 0.1510, dec: 0.0715, adv: 1.0845) D: (cover: 0.5181, enc: 0.3807) PSNR: 40.40dB
Epoch [26/400] Batch [820/925] G: 0.0746 (enc: 0.1576, dec: 0.0687, adv: 1.1834) D: (cover: 0.5552, enc: 0.3675) PSNR: 40.44dB
Epoch [26/400] Batch [840/925] G: 0.0751 (enc: 0.1531, dec: 0.0696, adv: 0.9694) D: (cover: 0.2957, enc: 0.5283) PSNR: 40.44dB
Epoch [26/400] Batch [860/925] G: 0.0761 (enc: 0.1499, dec: 0.0705, adv: 1.1098) D: (cover: 0.4902, enc: 0.4579) PSNR: 40.25dB
Epoch [26/400] Batch [880/925] G: 0.0721 (enc: 0.1512, dec: 0.0664, adv: 1.1144) D: (cover: 0.4585, enc: 0.4011) PSNR: 40.33dB
Epoch [26/400] Batch [900/925] G: 0.0748 (enc: 0.1546, dec: 0.0689, adv: 1.2275) D: (cover: 0.3825, enc: 0.4137) PSNR: 40.15dB
Epoch [26/400] Batch [920/925] G: 0.0745 (enc: 0.1546, dec: 0.0687, adv: 1.1148) D: (cover: 0.4805, enc: 0.4466) PSNR: 39.93dB
Epoch [26/400] 训练平均损失: 0.0733
Epoch [26/400] 验证平均损失: 0.0894 enc: 0.1592, dec: 0.0782 PSNR: 40.20dB
Epoch [26/400] 验证耗时: 10.11s
Epoch [26/400] 保存验证输出耗时: 0.03s
Epoch [26/400] 训练耗时: 470.73s
Epoch [26/400] 保存检查点耗时: 0.00s
Epoch [26/400] 总耗时: 480.87s
Epoch [27/400] 第1批数据获取耗时: 0.96s
Epoch [27/400] Batch [20/925] G: 0.0755 (enc: 0.1536, dec: 0.0699, adv: 0.9715) D: (cover: 0.3386, enc: 0.5208) PSNR: 40.36dB
Epoch [27/400] Batch [40/925] G: 0.0701 (enc: 0.1527, dec: 0.0644, adv: 1.1097) D: (cover: 0.4330, enc: 0.4537) PSNR: 40.31dB
Epoch [27/400] Batch [60/925] G: 0.0761 (enc: 0.1532, dec: 0.0703, adv: 1.1474) D: (cover: 0.4549, enc: 0.4655) PSNR: 40.32dB
Epoch [27/400] Batch [80/925] G: 0.0744 (enc: 0.1570, dec: 0.0686, adv: 1.0866) D: (cover: 0.4709, enc: 0.3864) PSNR: 40.45dB
Epoch [27/400] Batch [100/925] G: 0.0739 (enc: 0.1572, dec: 0.0681, adv: 1.0537) D: (cover: 0.5038, enc: 0.3808) PSNR: 40.08dB
Epoch [27/400] Batch [120/925] G: 0.0720 (enc: 0.1561, dec: 0.0663, adv: 1.1023) D: (cover: 0.5016, enc: 0.3941) PSNR: 40.20dB
Epoch [27/400] Batch [140/925] G: 0.0704 (enc: 0.1566, dec: 0.0646, adv: 1.1057) D: (cover: 0.5272, enc: 0.3821) PSNR: 40.37dB
Epoch [27/400] Batch [160/925] G: 0.0653 (enc: 0.1535, dec: 0.0596, adv: 1.1042) D: (cover: 0.5083, enc: 0.4005) PSNR: 40.27dB
Epoch [27/400] Batch [180/925] G: 0.0691 (enc: 0.1548, dec: 0.0633, adv: 1.1459) D: (cover: 0.5109, enc: 0.3849) PSNR: 40.13dB
Epoch [27/400] Batch [200/925] G: 0.0703 (enc: 0.1638, dec: 0.0643, adv: 1.0509) D: (cover: 0.4653, enc: 0.4160) PSNR: 39.80dB
Epoch [27/400] Batch [220/925] G: 0.0744 (enc: 0.1516, dec: 0.0687, adv: 1.1737) D: (cover: 0.5969, enc: 0.3353) PSNR: 40.25dB
Epoch [27/400] Batch [240/925] G: 0.0725 (enc: 0.1551, dec: 0.0668, adv: 1.1074) D: (cover: 0.4837, enc: 0.3865) PSNR: 40.38dB
Epoch [27/400] Batch [260/925] G: 0.0746 (enc: 0.1558, dec: 0.0689, adv: 1.0269) D: (cover: 0.3944, enc: 0.4615) PSNR: 40.22dB
Epoch [27/400] Batch [280/925] G: 0.0723 (enc: 0.1527, dec: 0.0667, adv: 1.0568) D: (cover: 0.4141, enc: 0.4545) PSNR: 40.48dB
Epoch [27/400] Batch [300/925] G: 0.0707 (enc: 0.1526, dec: 0.0650, adv: 1.1256) D: (cover: 0.3589, enc: 0.4675) PSNR: 40.35dB
Epoch [27/400] Batch [320/925] G: 0.0721 (enc: 0.1517, dec: 0.0666, adv: 0.9201) D: (cover: 0.3015, enc: 0.6030) PSNR: 40.30dB
Epoch [27/400] Batch [340/925] G: 0.0721 (enc: 0.1550, dec: 0.0663, adv: 1.1370) D: (cover: 0.4334, enc: 0.3808) PSNR: 40.29dB
Epoch [27/400] Batch [360/925] G: 0.0708 (enc: 0.1587, dec: 0.0651, adv: 0.9996) D: (cover: 0.3960, enc: 0.4555) PSNR: 40.06dB
Epoch [27/400] Batch [380/925] G: 0.0734 (enc: 0.1544, dec: 0.0677, adv: 1.1087) D: (cover: 0.3184, enc: 0.5086) PSNR: 40.18dB
Epoch [27/400] Batch [400/925] G: 0.0694 (enc: 0.1541, dec: 0.0637, adv: 1.0569) D: (cover: 0.3997, enc: 0.4514) PSNR: 40.17dB
Epoch [27/400] Batch [420/925] G: 0.0716 (enc: 0.1532, dec: 0.0658, adv: 1.2219) D: (cover: 0.4202, enc: 0.4318) PSNR: 40.31dB
Epoch [27/400] Batch [440/925] G: 0.0770 (enc: 0.1473, dec: 0.0714, adv: 1.2405) D: (cover: 0.5544, enc: 0.3749) PSNR: 40.38dB
Epoch [27/400] Batch [460/925] G: 0.0723 (enc: 0.1499, dec: 0.0664, adv: 1.3069) D: (cover: 0.5216, enc: 0.3437) PSNR: 40.15dB
Epoch [27/400] Batch [480/925] G: 0.0672 (enc: 0.1550, dec: 0.0615, adv: 1.1427) D: (cover: 0.3711, enc: 0.3962) PSNR: 39.86dB
Epoch [27/400] Batch [500/925] G: 0.0713 (enc: 0.1525, dec: 0.0657, adv: 1.0245) D: (cover: 0.4053, enc: 0.4737) PSNR: 40.34dB
Epoch [27/400] Batch [520/925] G: 0.0700 (enc: 0.1514, dec: 0.0644, adv: 1.0844) D: (cover: 0.4020, enc: 0.4851) PSNR: 40.57dB
Epoch [27/400] Batch [540/925] G: 0.0724 (enc: 0.1551, dec: 0.0666, adv: 1.1477) D: (cover: 0.4023, enc: 0.4391) PSNR: 40.45dB
Epoch [27/400] Batch [560/925] G: 0.0726 (enc: 0.1540, dec: 0.0668, adv: 1.1832) D: (cover: 0.5029, enc: 0.3705) PSNR: 40.34dB
Epoch [27/400] Batch [580/925] G: 0.0697 (enc: 0.1500, dec: 0.0642, adv: 1.0130) D: (cover: 0.4542, enc: 0.4243) PSNR: 40.35dB
Epoch [27/400] Batch [600/925] G: 0.0737 (enc: 0.1538, dec: 0.0679, adv: 1.2232) D: (cover: 0.5993, enc: 0.3594) PSNR: 40.13dB
Epoch [27/400] Batch [620/925] G: 0.0689 (enc: 0.1529, dec: 0.0633, adv: 0.9641) D: (cover: 0.3424, enc: 0.5607) PSNR: 40.25dB
Epoch [27/400] Batch [640/925] G: 0.0715 (enc: 0.1540, dec: 0.0658, adv: 1.0860) D: (cover: 0.4529, enc: 0.4640) PSNR: 40.17dB
Epoch [27/400] Batch [660/925] G: 0.0734 (enc: 0.1507, dec: 0.0679, adv: 0.9843) D: (cover: 0.3118, enc: 0.5975) PSNR: 39.98dB
Epoch [27/400] Batch [680/925] G: 0.0734 (enc: 0.1455, dec: 0.0682, adv: 0.8939) D: (cover: 0.3612, enc: 0.5392) PSNR: 40.23dB
Epoch [27/400] Batch [700/925] G: 0.0762 (enc: 0.1553, dec: 0.0704, adv: 1.1019) D: (cover: 0.4823, enc: 0.4505) PSNR: 40.09dB
Epoch [27/400] Batch [720/925] G: 0.0706 (enc: 0.1614, dec: 0.0646, adv: 1.1045) D: (cover: 0.4206, enc: 0.4414) PSNR: 40.26dB
Epoch [27/400] Batch [740/925] G: 0.0716 (enc: 0.1565, dec: 0.0659, adv: 1.0575) D: (cover: 0.4394, enc: 0.3851) PSNR: 40.24dB
Epoch [27/400] Batch [760/925] G: 0.0743 (enc: 0.1474, dec: 0.0689, adv: 0.9994) D: (cover: 0.4370, enc: 0.4683) PSNR: 40.73dB
Epoch [27/400] Batch [780/925] G: 0.0732 (enc: 0.1503, dec: 0.0676, adv: 1.0694) D: (cover: 0.3547, enc: 0.4792) PSNR: 40.51dB
Epoch [27/400] Batch [800/925] G: 0.0712 (enc: 0.1561, dec: 0.0653, adv: 1.2568) D: (cover: 0.4551, enc: 0.3642) PSNR: 40.22dB
Epoch [27/400] Batch [820/925] G: 0.0747 (enc: 0.1494, dec: 0.0691, adv: 1.1536) D: (cover: 0.5089, enc: 0.3546) PSNR: 40.27dB
Epoch [27/400] Batch [840/925] G: 0.0685 (enc: 0.1513, dec: 0.0628, adv: 1.0929) D: (cover: 0.3569, enc: 0.4720) PSNR: 40.33dB
Epoch [27/400] Batch [860/925] G: 0.0752 (enc: 0.1465, dec: 0.0699, adv: 0.8773) D: (cover: 0.2679, enc: 0.6073) PSNR: 40.44dB
Epoch [27/400] Batch [880/925] G: 0.0734 (enc: 0.1487, dec: 0.0678, adv: 1.1575) D: (cover: 0.5786, enc: 0.3377) PSNR: 40.10dB
Epoch [27/400] Batch [900/925] G: 0.0723 (enc: 0.1506, dec: 0.0665, adv: 1.3400) D: (cover: 0.6568, enc: 0.3153) PSNR: 40.23dB
Epoch [27/400] Batch [920/925] G: 0.0702 (enc: 0.1543, dec: 0.0645, adv: 1.0987) D: (cover: 0.3736, enc: 0.4654) PSNR: 40.44dB
Epoch [27/400] 训练平均损失: 0.0728
Epoch [27/400] 验证平均损失: 0.0883 enc: 0.1516, dec: 0.0755 PSNR: 39.80dB
Epoch [27/400] 验证耗时: 9.66s
Epoch [27/400] 保存验证输出耗时: 0.03s
Epoch [27/400] 训练耗时: 470.59s
Epoch [27/400] 保存检查点耗时: 0.01s
Epoch [27/400] 总耗时: 480.30s
Epoch [28/400] 第1批数据获取耗时: 1.47s
Epoch [28/400] Batch [20/925] G: 0.0727 (enc: 0.1541, dec: 0.0671, adv: 0.9965) D: (cover: 0.3431, enc: 0.5063) PSNR: 40.35dB
Epoch [28/400] Batch [40/925] G: 0.0735 (enc: 0.1468, dec: 0.0680, adv: 1.1376) D: (cover: 0.3999, enc: 0.3891) PSNR: 40.41dB
Epoch [28/400] Batch [60/925] G: 0.0700 (enc: 0.1493, dec: 0.0646, adv: 0.9666) D: (cover: 0.3693, enc: 0.4789) PSNR: 40.46dB
Epoch [28/400] Batch [80/925] G: 0.0727 (enc: 0.1486, dec: 0.0671, adv: 1.2002) D: (cover: 0.4098, enc: 0.4102) PSNR: 40.40dB
Epoch [28/400] Batch [100/925] G: 0.0718 (enc: 0.1547, dec: 0.0658, adv: 1.4305) D: (cover: 0.6628, enc: 0.2925) PSNR: 40.21dB
Epoch [28/400] Batch [120/925] G: 0.0752 (enc: 0.1472, dec: 0.0696, adv: 1.2193) D: (cover: 0.5751, enc: 0.3546) PSNR: 40.16dB
Epoch [28/400] Batch [140/925] G: 0.0742 (enc: 0.1464, dec: 0.0687, adv: 1.1282) D: (cover: 0.5817, enc: 0.3939) PSNR: 40.49dB
Epoch [28/400] Batch [160/925] G: 0.0729 (enc: 0.1524, dec: 0.0673, adv: 0.9697) D: (cover: 0.4780, enc: 0.4576) PSNR: 40.21dB
Epoch [28/400] Batch [180/925] G: 0.0735 (enc: 0.1535, dec: 0.0679, adv: 1.0170) D: (cover: 0.3797, enc: 0.5139) PSNR: 40.10dB
Epoch [28/400] Batch [200/925] G: 0.0741 (enc: 0.1532, dec: 0.0682, adv: 1.2846) D: (cover: 0.4648, enc: 0.3700) PSNR: 40.13dB
Epoch [28/400] Batch [220/925] G: 0.0758 (enc: 0.1516, dec: 0.0702, adv: 1.0164) D: (cover: 0.4478, enc: 0.4930) PSNR: 40.33dB
Epoch [28/400] Batch [240/925] G: 0.0724 (enc: 0.1541, dec: 0.0669, adv: 0.9650) D: (cover: 0.3440, enc: 0.4998) PSNR: 40.36dB
Epoch [28/400] Batch [260/925] G: 0.0710 (enc: 0.1493, dec: 0.0655, adv: 1.0924) D: (cover: 0.4007, enc: 0.4481) PSNR: 40.39dB
Epoch [28/400] Batch [280/925] G: 0.0758 (enc: 0.1515, dec: 0.0699, adv: 1.4048) D: (cover: 0.6888, enc: 0.2946) PSNR: 40.45dB
Epoch [28/400] Batch [300/925] G: 0.0694 (enc: 0.1550, dec: 0.0635, adv: 1.1898) D: (cover: 0.4225, enc: 0.4790) PSNR: 40.44dB
Epoch [28/400] Batch [320/925] G: 0.0714 (enc: 0.1492, dec: 0.0659, adv: 0.9966) D: (cover: 0.3574, enc: 0.5039) PSNR: 40.18dB
Epoch [28/400] Batch [340/925] G: 0.0720 (enc: 0.1504, dec: 0.0664, adv: 1.0887) D: (cover: 0.3732, enc: 0.4552) PSNR: 40.17dB
Epoch [28/400] Batch [360/925] G: 0.0708 (enc: 0.1552, dec: 0.0651, adv: 1.0033) D: (cover: 0.2817, enc: 0.5565) PSNR: 40.33dB
Epoch [28/400] Batch [380/925] G: 0.0711 (enc: 0.1471, dec: 0.0657, adv: 0.9727) D: (cover: 0.3469, enc: 0.5251) PSNR: 40.49dB
Epoch [28/400] Batch [400/925] G: 0.0749 (enc: 0.1441, dec: 0.0694, adv: 1.1597) D: (cover: 0.5226, enc: 0.3896) PSNR: 40.47dB
Epoch [28/400] Batch [420/925] G: 0.0747 (enc: 0.1454, dec: 0.0693, adv: 1.0459) D: (cover: 0.4411, enc: 0.4737) PSNR: 40.43dB
Epoch [28/400] Batch [440/925] G: 0.0760 (enc: 0.1535, dec: 0.0701, adv: 1.2776) D: (cover: 0.5506, enc: 0.3892) PSNR: 40.16dB
Epoch [28/400] Batch [460/925] G: 0.0744 (enc: 0.1476, dec: 0.0690, adv: 0.9130) D: (cover: 0.3880, enc: 0.5681) PSNR: 40.56dB
Epoch [28/400] Batch [480/925] G: 0.0719 (enc: 0.1510, dec: 0.0663, adv: 1.0594) D: (cover: 0.4126, enc: 0.4213) PSNR: 40.27dB
Epoch [28/400] Batch [500/925] G: 0.0719 (enc: 0.1594, dec: 0.0659, adv: 1.2332) D: (cover: 0.4138, enc: 0.3804) PSNR: 39.95dB
Epoch [28/400] Batch [520/925] G: 0.0737 (enc: 0.1508, dec: 0.0680, adv: 1.1947) D: (cover: 0.4711, enc: 0.4576) PSNR: 40.18dB
Epoch [28/400] Batch [540/925] G: 0.0706 (enc: 0.1519, dec: 0.0651, adv: 0.9337) D: (cover: 0.2354, enc: 0.6639) PSNR: 40.51dB
Epoch [28/400] Batch [560/925] G: 0.0697 (enc: 0.1545, dec: 0.0640, adv: 1.1076) D: (cover: 0.5042, enc: 0.4149) PSNR: 40.19dB
Epoch [28/400] Batch [580/925] G: 0.0704 (enc: 0.1520, dec: 0.0647, adv: 1.2278) D: (cover: 0.5393, enc: 0.3199) PSNR: 40.43dB
Epoch [28/400] Batch [600/925] G: 0.0682 (enc: 0.1559, dec: 0.0625, adv: 1.0402) D: (cover: 0.3705, enc: 0.4459) PSNR: 40.41dB
Epoch [28/400] Batch [620/925] G: 0.0787 (enc: 0.1520, dec: 0.0727, adv: 1.3790) D: (cover: 0.5966, enc: 0.3549) PSNR: 40.30dB
Epoch [28/400] Batch [640/925] G: 0.0752 (enc: 0.1481, dec: 0.0693, adv: 1.4152) D: (cover: 0.6421, enc: 0.2997) PSNR: 40.34dB
Epoch [28/400] Batch [660/925] G: 0.0708 (enc: 0.1551, dec: 0.0649, adv: 1.1920) D: (cover: 0.5242, enc: 0.3634) PSNR: 40.51dB
Epoch [28/400] Batch [680/925] G: 0.0737 (enc: 0.1493, dec: 0.0680, adv: 1.1624) D: (cover: 0.4139, enc: 0.3995) PSNR: 40.28dB
Epoch [28/400] Batch [700/925] G: 0.0739 (enc: 0.1506, dec: 0.0682, adv: 1.1410) D: (cover: 0.5466, enc: 0.3772) PSNR: 40.02dB
Epoch [28/400] Batch [720/925] G: 0.0764 (enc: 0.1496, dec: 0.0708, adv: 1.1294) D: (cover: 0.5554, enc: 0.4027) PSNR: 39.99dB
Epoch [28/400] Batch [740/925] G: 0.0700 (enc: 0.1465, dec: 0.0645, adv: 1.1074) D: (cover: 0.5145, enc: 0.3699) PSNR: 40.42dB
Epoch [28/400] Batch [760/925] G: 0.0752 (enc: 0.1483, dec: 0.0697, adv: 1.0790) D: (cover: 0.4508, enc: 0.4198) PSNR: 40.62dB
Epoch [28/400] Batch [780/925] G: 0.0666 (enc: 0.1564, dec: 0.0606, adv: 1.3266) D: (cover: 0.4357, enc: 0.3374) PSNR: 40.39dB
Epoch [28/400] Batch [800/925] G: 0.0729 (enc: 0.1478, dec: 0.0674, adv: 1.0694) D: (cover: 0.4358, enc: 0.3966) PSNR: 40.29dB
Epoch [28/400] Batch [820/925] G: 0.0712 (enc: 0.1503, dec: 0.0656, adv: 1.0373) D: (cover: 0.4397, enc: 0.4131) PSNR: 40.12dB
Epoch [28/400] Batch [840/925] G: 0.0700 (enc: 0.1508, dec: 0.0645, adv: 0.9062) D: (cover: 0.4172, enc: 0.4888) PSNR: 40.04dB
Epoch [28/400] Batch [860/925] G: 0.0720 (enc: 0.1489, dec: 0.0664, adv: 1.0772) D: (cover: 0.3489, enc: 0.4914) PSNR: 40.46dB
Epoch [28/400] Batch [880/925] G: 0.0695 (enc: 0.1518, dec: 0.0639, adv: 1.0963) D: (cover: 0.2601, enc: 0.5459) PSNR: 40.52dB
Epoch [28/400] Batch [900/925] G: 0.0718 (enc: 0.1497, dec: 0.0661, adv: 1.2152) D: (cover: 0.4424, enc: 0.4160) PSNR: 40.32dB
Epoch [28/400] Batch [920/925] G: 0.0722 (enc: 0.1471, dec: 0.0666, adv: 1.2082) D: (cover: 0.4541, enc: 0.4203) PSNR: 40.33dB
Epoch [28/400] 训练平均损失: 0.0723
Epoch [28/400] 验证平均损失: 0.0946 enc: 0.1571, dec: 0.0911 PSNR: 40.18dB
Epoch [28/400] 验证耗时: 10.03s
Epoch [28/400] 保存验证输出耗时: 0.03s
Epoch [28/400] 训练耗时: 470.71s
Epoch [28/400] 保存检查点耗时: 0.00s
Epoch [28/400] 总耗时: 480.76s
Epoch [29/400] 第1批数据获取耗时: 1.41s
Epoch [29/400] Batch [20/925] G: 0.0726 (enc: 0.1505, dec: 0.0669, adv: 1.1662) D: (cover: 0.4829, enc: 0.4042) PSNR: 40.18dB
Epoch [29/400] Batch [40/925] G: 0.0727 (enc: 0.1466, dec: 0.0673, adv: 1.0872) D: (cover: 0.4001, enc: 0.3957) PSNR: 40.02dB
Epoch [29/400] Batch [60/925] G: 0.0738 (enc: 0.1458, dec: 0.0681, adv: 1.3029) D: (cover: 0.4496, enc: 0.3733) PSNR: 40.43dB
Epoch [29/400] Batch [80/925] G: 0.0702 (enc: 0.1517, dec: 0.0646, adv: 1.0639) D: (cover: 0.3134, enc: 0.4736) PSNR: 40.27dB
Epoch [29/400] Batch [100/925] G: 0.0696 (enc: 0.1538, dec: 0.0638, adv: 1.1284) D: (cover: 0.5002, enc: 0.3734) PSNR: 40.22dB
Epoch [29/400] Batch [120/925] G: 0.0705 (enc: 0.1469, dec: 0.0650, adv: 1.0933) D: (cover: 0.4316, enc: 0.3939) PSNR: 40.29dB
Epoch [29/400] Batch [140/925] G: 0.0706 (enc: 0.1501, dec: 0.0650, adv: 1.0744) D: (cover: 0.3285, enc: 0.5105) PSNR: 40.48dB
Epoch [29/400] Batch [160/925] G: 0.0713 (enc: 0.1436, dec: 0.0657, adv: 1.2487) D: (cover: 0.4866, enc: 0.3777) PSNR: 40.37dB
Epoch [29/400] Batch [180/925] G: 0.0717 (enc: 0.1462, dec: 0.0661, adv: 1.2699) D: (cover: 0.5977, enc: 0.3156) PSNR: 40.19dB
Epoch [29/400] Batch [200/925] G: 0.0757 (enc: 0.1467, dec: 0.0702, adv: 1.0458) D: (cover: 0.4826, enc: 0.4548) PSNR: 40.32dB
Epoch [29/400] Batch [220/925] G: 0.0688 (enc: 0.1531, dec: 0.0631, adv: 1.1617) D: (cover: 0.4185, enc: 0.4035) PSNR: 40.14dB
Epoch [29/400] Batch [240/925] G: 0.0717 (enc: 0.1492, dec: 0.0661, adv: 1.1553) D: (cover: 0.5065, enc: 0.4092) PSNR: 39.90dB
Epoch [29/400] Batch [260/925] G: 0.0701 (enc: 0.1448, dec: 0.0648, adv: 1.0307) D: (cover: 0.3772, enc: 0.5104) PSNR: 40.62dB
Epoch [29/400] Batch [280/925] G: 0.0724 (enc: 0.1476, dec: 0.0667, adv: 1.2695) D: (cover: 0.4765, enc: 0.3715) PSNR: 40.29dB
Epoch [29/400] Batch [300/925] G: 0.0706 (enc: 0.1490, dec: 0.0650, adv: 1.1791) D: (cover: 0.3530, enc: 0.4454) PSNR: 40.40dB
Epoch [29/400] Batch [320/925] G: 0.0729 (enc: 0.1476, dec: 0.0673, adv: 1.2271) D: (cover: 0.5032, enc: 0.3713) PSNR: 40.29dB
Epoch [29/400] Batch [340/925] G: 0.0695 (enc: 0.1491, dec: 0.0637, adv: 1.2676) D: (cover: 0.4631, enc: 0.3251) PSNR: 40.42dB
Epoch [29/400] Batch [360/925] G: 0.0739 (enc: 0.1434, dec: 0.0686, adv: 0.9304) D: (cover: 0.2697, enc: 0.6424) PSNR: 40.26dB
Epoch [29/400] Batch [380/925] G: 0.0758 (enc: 0.1516, dec: 0.0702, adv: 1.0495) D: (cover: 0.5369, enc: 0.3459) PSNR: 39.98dB
Epoch [29/400] Batch [400/925] G: 0.0726 (enc: 0.1510, dec: 0.0669, adv: 1.1887) D: (cover: 0.5761, enc: 0.3068) PSNR: 39.92dB
Epoch [29/400] Batch [420/925] G: 0.0689 (enc: 0.1532, dec: 0.0631, adv: 1.1694) D: (cover: 0.4088, enc: 0.4108) PSNR: 40.10dB
Epoch [29/400] Batch [440/925] G: 0.0730 (enc: 0.1466, dec: 0.0677, adv: 0.9254) D: (cover: 0.4058, enc: 0.4695) PSNR: 40.26dB
Epoch [29/400] Batch [460/925] G: 0.0715 (enc: 0.1525, dec: 0.0658, adv: 1.1808) D: (cover: 0.4918, enc: 0.3828) PSNR: 40.11dB
Epoch [29/400] Batch [480/925] G: 0.0730 (enc: 0.1466, dec: 0.0676, adv: 1.0177) D: (cover: 0.3621, enc: 0.4652) PSNR: 40.37dB
Epoch [29/400] Batch [500/925] G: 0.0708 (enc: 0.1441, dec: 0.0654, adv: 1.0921) D: (cover: 0.3579, enc: 0.4456) PSNR: 40.60dB
Epoch [29/400] Batch [520/925] G: 0.0742 (enc: 0.1508, dec: 0.0685, adv: 1.1176) D: (cover: 0.4911, enc: 0.3683) PSNR: 40.22dB
Epoch [29/400] Batch [540/925] G: 0.0694 (enc: 0.1547, dec: 0.0635, adv: 1.2965) D: (cover: 0.3873, enc: 0.4249) PSNR: 40.26dB
Epoch [29/400] Batch [560/925] G: 0.0763 (enc: 0.1481, dec: 0.0707, adv: 1.1954) D: (cover: 0.4282, enc: 0.4112) PSNR: 40.42dB
Epoch [29/400] Batch [580/925] G: 0.0723 (enc: 0.1448, dec: 0.0666, adv: 1.3243) D: (cover: 0.6027, enc: 0.3126) PSNR: 40.39dB
Epoch [29/400] Batch [600/925] G: 0.0715 (enc: 0.1458, dec: 0.0659, adv: 1.2034) D: (cover: 0.4783, enc: 0.3554) PSNR: 40.21dB
Epoch [29/400] Batch [620/925] G: 0.0706 (enc: 0.1433, dec: 0.0652, adv: 1.0595) D: (cover: 0.4306, enc: 0.4107) PSNR: 40.53dB
Epoch [29/400] Batch [640/925] G: 0.0709 (enc: 0.1545, dec: 0.0653, adv: 0.9927) D: (cover: 0.3383, enc: 0.4602) PSNR: 40.21dB
Epoch [29/400] Batch [660/925] G: 0.0702 (enc: 0.1450, dec: 0.0646, adv: 1.2762) D: (cover: 0.5753, enc: 0.2998) PSNR: 40.41dB
Epoch [29/400] Batch [680/925] G: 0.0746 (enc: 0.1440, dec: 0.0693, adv: 1.0294) D: (cover: 0.3591, enc: 0.4756) PSNR: 40.31dB
Epoch [29/400] Batch [700/925] G: 0.0696 (enc: 0.1508, dec: 0.0639, adv: 1.2016) D: (cover: 0.3854, enc: 0.3869) PSNR: 40.24dB
Epoch [29/400] Batch [720/925] G: 0.0745 (enc: 0.1460, dec: 0.0691, adv: 1.0632) D: (cover: 0.3779, enc: 0.4058) PSNR: 40.31dB
Epoch [29/400] Batch [740/925] G: 0.0699 (enc: 0.1455, dec: 0.0645, adv: 1.0472) D: (cover: 0.4909, enc: 0.3926) PSNR: 40.49dB
Epoch [29/400] Batch [760/925] G: 0.0730 (enc: 0.1443, dec: 0.0674, adv: 1.1886) D: (cover: 0.3890, enc: 0.4467) PSNR: 40.51dB
Epoch [29/400] Batch [780/925] G: 0.0714 (enc: 0.1476, dec: 0.0659, adv: 1.0827) D: (cover: 0.4495, enc: 0.4154) PSNR: 40.42dB
Epoch [29/400] Batch [800/925] G: 0.0720 (enc: 0.1524, dec: 0.0662, adv: 1.2177) D: (cover: 0.4745, enc: 0.3236) PSNR: 40.44dB
Epoch [29/400] Batch [820/925] G: 0.0710 (enc: 0.1473, dec: 0.0654, adv: 1.1670) D: (cover: 0.4508, enc: 0.4265) PSNR: 40.43dB
Epoch [29/400] Batch [840/925] G: 0.0736 (enc: 0.1449, dec: 0.0681, adv: 1.2037) D: (cover: 0.5718, enc: 0.3309) PSNR: 40.27dB
Epoch [29/400] Batch [860/925] G: 0.0681 (enc: 0.1437, dec: 0.0627, adv: 1.0738) D: (cover: 0.2687, enc: 0.5176) PSNR: 40.41dB
Epoch [29/400] Batch [880/925] G: 0.0695 (enc: 0.1463, dec: 0.0639, adv: 1.2006) D: (cover: 0.4171, enc: 0.3731) PSNR: 40.35dB
Epoch [29/400] Batch [900/925] G: 0.0743 (enc: 0.1433, dec: 0.0685, adv: 1.4320) D: (cover: 0.5580, enc: 0.2899) PSNR: 40.42dB
Epoch [29/400] Batch [920/925] G: 0.0703 (enc: 0.1533, dec: 0.0646, adv: 1.0972) D: (cover: 0.3621, enc: 0.4686) PSNR: 40.12dB
Epoch [29/400] 训练平均损失: 0.0718
Epoch [29/400] 验证平均损失: 0.0926 enc: 0.1525, dec: 0.0774 PSNR: 40.04dB
Epoch [29/400] 验证耗时: 9.91s
Epoch [29/400] 保存验证输出耗时: 0.03s
Epoch [29/400] 训练耗时: 470.59s
Epoch [29/400] 保存检查点耗时: 0.00s
Epoch [29/400] 总耗时: 480.53s
Epoch [30/400] 第1批数据获取耗时: 1.26s
Epoch [30/400] Batch [20/925] G: 0.0722 (enc: 0.1459, dec: 0.0667, adv: 1.1836) D: (cover: 0.5009, enc: 0.3419) PSNR: 39.77dB
Epoch [30/400] Batch [40/925] G: 0.0706 (enc: 0.1465, dec: 0.0650, adv: 1.2459) D: (cover: 0.4764, enc: 0.3285) PSNR: 40.49dB
Epoch [30/400] Batch [60/925] G: 0.0726 (enc: 0.1411, dec: 0.0672, adv: 1.1432) D: (cover: 0.4912, enc: 0.3549) PSNR: 40.36dB
Epoch [30/400] Batch [80/925] G: 0.0695 (enc: 0.1498, dec: 0.0637, adv: 1.2551) D: (cover: 0.3704, enc: 0.3510) PSNR: 40.21dB
Epoch [30/400] Batch [100/925] G: 0.0703 (enc: 0.1478, dec: 0.0647, adv: 1.0923) D: (cover: 0.3111, enc: 0.4725) PSNR: 40.52dB
Epoch [30/400] Batch [120/925] G: 0.0707 (enc: 0.1504, dec: 0.0651, adv: 1.1074) D: (cover: 0.3819, enc: 0.3918) PSNR: 40.35dB
Epoch [30/400] Batch [140/925] G: 0.0673 (enc: 0.1481, dec: 0.0615, adv: 1.3033) D: (cover: 0.3126, enc: 0.3685) PSNR: 40.38dB
Epoch [30/400] Batch [160/925] G: 0.0716 (enc: 0.1463, dec: 0.0660, adv: 1.1534) D: (cover: 0.2773, enc: 0.4360) PSNR: 40.33dB
Epoch [30/400] Batch [180/925] G: 0.0697 (enc: 0.1453, dec: 0.0639, adv: 1.4479) D: (cover: 0.5023, enc: 0.3006) PSNR: 40.37dB
Epoch [30/400] Batch [200/925] G: 0.0769 (enc: 0.1485, dec: 0.0713, adv: 1.1325) D: (cover: 0.4922, enc: 0.3716) PSNR: 40.08dB
Epoch [30/400] Batch [220/925] G: 0.0682 (enc: 0.1484, dec: 0.0625, adv: 1.2618) D: (cover: 0.4614, enc: 0.3816) PSNR: 40.01dB
Epoch [30/400] Batch [240/925] G: 0.0730 (enc: 0.1425, dec: 0.0674, adv: 1.3129) D: (cover: 0.5945, enc: 0.2816) PSNR: 40.45dB
Epoch [30/400] Batch [260/925] G: 0.0724 (enc: 0.1481, dec: 0.0666, adv: 1.3540) D: (cover: 0.4398, enc: 0.3819) PSNR: 40.34dB
Epoch [30/400] Batch [280/925] G: 0.0719 (enc: 0.1443, dec: 0.0664, adv: 1.1536) D: (cover: 0.4051, enc: 0.4174) PSNR: 40.46dB
Epoch [30/400] Batch [300/925] G: 0.0705 (enc: 0.1447, dec: 0.0649, adv: 1.3359) D: (cover: 0.5355, enc: 0.2891) PSNR: 40.32dB
Epoch [30/400] Batch [320/925] G: 0.0702 (enc: 0.1469, dec: 0.0646, adv: 1.2284) D: (cover: 0.3402, enc: 0.4235) PSNR: 40.38dB
Epoch [30/400] Batch [340/925] G: 0.0691 (enc: 0.1511, dec: 0.0633, adv: 1.3367) D: (cover: 0.4109, enc: 0.3328) PSNR: 40.31dB
Epoch [30/400] Batch [360/925] G: 0.0768 (enc: 0.1481, dec: 0.0712, adv: 1.2372) D: (cover: 0.4229, enc: 0.3770) PSNR: 40.12dB
Epoch [30/400] Batch [380/925] G: 0.0691 (enc: 0.1471, dec: 0.0637, adv: 1.0197) D: (cover: 0.3125, enc: 0.5553) PSNR: 40.38dB
Epoch [30/400] Batch [400/925] G: 0.0705 (enc: 0.1476, dec: 0.0647, adv: 1.3501) D: (cover: 0.5344, enc: 0.3133) PSNR: 40.32dB
Epoch [30/400] Batch [420/925] G: 0.0713 (enc: 0.1439, dec: 0.0660, adv: 1.0201) D: (cover: 0.2582, enc: 0.5749) PSNR: 40.14dB
Epoch [30/400] Batch [440/925] G: 0.0677 (enc: 0.1433, dec: 0.0623, adv: 1.1190) D: (cover: 0.3098, enc: 0.4578) PSNR: 40.38dB
Epoch [30/400] Batch [460/925] G: 0.0713 (enc: 0.1472, dec: 0.0656, adv: 1.3019) D: (cover: 0.5234, enc: 0.3092) PSNR: 40.34dB
Epoch [30/400] Batch [480/925] G: 0.0723 (enc: 0.1451, dec: 0.0670, adv: 0.9642) D: (cover: 0.3776, enc: 0.5108) PSNR: 40.13dB
Epoch [30/400] Batch [500/925] G: 0.0704 (enc: 0.1451, dec: 0.0649, adv: 1.2069) D: (cover: 0.2679, enc: 0.4662) PSNR: 40.30dB
Epoch [30/400] Batch [520/925] G: 0.0711 (enc: 0.1490, dec: 0.0653, adv: 1.2829) D: (cover: 0.3981, enc: 0.3728) PSNR: 40.48dB
Epoch [30/400] Batch [540/925] G: 0.0722 (enc: 0.1463, dec: 0.0666, adv: 1.1933) D: (cover: 0.4736, enc: 0.3614) PSNR: 40.39dB
Epoch [30/400] Batch [560/925] G: 0.0729 (enc: 0.1439, dec: 0.0674, adv: 1.2536) D: (cover: 0.7170, enc: 0.2936) PSNR: 40.31dB
Epoch [30/400] Batch [580/925] G: 0.0720 (enc: 0.1436, dec: 0.0667, adv: 0.9853) D: (cover: 0.3651, enc: 0.5100) PSNR: 40.38dB
Epoch [30/400] Batch [600/925] G: 0.0700 (enc: 0.1480, dec: 0.0643, adv: 1.2927) D: (cover: 0.3265, enc: 0.3782) PSNR: 40.32dB
Epoch [30/400] Batch [620/925] G: 0.0733 (enc: 0.1442, dec: 0.0677, adv: 1.2417) D: (cover: 0.4385, enc: 0.3979) PSNR: 40.22dB
Epoch [30/400] Batch [640/925] G: 0.0730 (enc: 0.1435, dec: 0.0673, adv: 1.3579) D: (cover: 0.4212, enc: 0.3298) PSNR: 40.19dB
Epoch [30/400] Batch [660/925] G: 0.0662 (enc: 0.1440, dec: 0.0608, adv: 1.1062) D: (cover: 0.3026, enc: 0.5242) PSNR: 40.63dB
Epoch [30/400] Batch [680/925] G: 0.0725 (enc: 0.1453, dec: 0.0669, adv: 1.1590) D: (cover: 0.3083, enc: 0.4473) PSNR: 40.37dB
Epoch [30/400] Batch [700/925] G: 0.0718 (enc: 0.1433, dec: 0.0664, adv: 1.0485) D: (cover: 0.3433, enc: 0.4179) PSNR: 40.39dB
Epoch [30/400] Batch [720/925] G: 0.0726 (enc: 0.1422, dec: 0.0673, adv: 1.0609) D: (cover: 0.3737, enc: 0.4078) PSNR: 40.28dB
Epoch [30/400] Batch [740/925] G: 0.0753 (enc: 0.1438, dec: 0.0700, adv: 0.9745) D: (cover: 0.3949, enc: 0.4390) PSNR: 40.62dB
Epoch [30/400] Batch [760/925] G: 0.0714 (enc: 0.1454, dec: 0.0657, adv: 1.2737) D: (cover: 0.6497, enc: 0.3049) PSNR: 40.45dB
Epoch [30/400] Batch [780/925] G: 0.0713 (enc: 0.1464, dec: 0.0656, adv: 1.3561) D: (cover: 0.4154, enc: 0.3022) PSNR: 40.10dB
Epoch [30/400] Batch [800/925] G: 0.0694 (enc: 0.1480, dec: 0.0638, adv: 1.1432) D: (cover: 0.3091, enc: 0.4033) PSNR: 40.46dB
Epoch [30/400] Batch [820/925] G: 0.0685 (enc: 0.1477, dec: 0.0628, adv: 1.2732) D: (cover: 0.2922, enc: 0.3895) PSNR: 40.46dB
Epoch [30/400] Batch [840/925] G: 0.0713 (enc: 0.1460, dec: 0.0659, adv: 1.0594) D: (cover: 0.3533, enc: 0.4256) PSNR: 40.28dB
Epoch [30/400] Batch [860/925] G: 0.0675 (enc: 0.1474, dec: 0.0617, adv: 1.3984) D: (cover: 0.3801, enc: 0.3145) PSNR: 40.51dB
Epoch [30/400] Batch [880/925] G: 0.0696 (enc: 0.1460, dec: 0.0643, adv: 0.9254) D: (cover: 0.2942, enc: 0.5568) PSNR: 40.50dB
Epoch [30/400] Batch [900/925] G: 0.0695 (enc: 0.1493, dec: 0.0638, adv: 1.1918) D: (cover: 0.4418, enc: 0.3029) PSNR: 40.37dB
Epoch [30/400] Batch [920/925] G: 0.0701 (enc: 0.1489, dec: 0.0644, adv: 1.2521) D: (cover: 0.4551, enc: 0.3377) PSNR: 40.37dB
Epoch [30/400] 训练平均损失: 0.0714
Epoch [30/400] 验证平均损失: 0.0996 enc: 0.1554, dec: 0.0875 PSNR: 39.49dB
Epoch [30/400] 验证耗时: 9.97s
Epoch [30/400] 保存验证输出耗时: 0.03s
Epoch [30/400] 训练耗时: 470.44s
Epoch [30/400] 保存检查点耗时: 0.01s
Epoch [30/400] 总耗时: 480.46s
Epoch [31/400] 第1批数据获取耗时: 1.36s
Epoch [31/400] Batch [20/925] G: 0.0729 (enc: 0.1472, dec: 0.0673, adv: 1.1627) D: (cover: 0.4501, enc: 0.3707) PSNR: 40.42dB
Epoch [31/400] Batch [40/925] G: 0.0711 (enc: 0.1432, dec: 0.0656, adv: 1.2193) D: (cover: 0.4268, enc: 0.3748) PSNR: 40.45dB
Epoch [31/400] Batch [60/925] G: 0.0707 (enc: 0.1425, dec: 0.0652, adv: 1.2307) D: (cover: 0.3535, enc: 0.3384) PSNR: 40.43dB
Epoch [31/400] Batch [80/925] G: 0.0721 (enc: 0.1413, dec: 0.0665, adv: 1.3458) D: (cover: 0.5523, enc: 0.2964) PSNR: 39.97dB
Epoch [31/400] Batch [100/925] G: 0.0731 (enc: 0.1423, dec: 0.0677, adv: 1.1794) D: (cover: 0.4809, enc: 0.3702) PSNR: 40.39dB
Epoch [31/400] Batch [120/925] G: 0.0700 (enc: 0.1450, dec: 0.0644, adv: 1.2441) D: (cover: 0.3920, enc: 0.4047) PSNR: 40.38dB
Epoch [31/400] Batch [140/925] G: 0.0716 (enc: 0.1458, dec: 0.0660, adv: 1.2048) D: (cover: 0.3821, enc: 0.3694) PSNR: 40.30dB
Epoch [31/400] Batch [160/925] G: 0.0689 (enc: 0.1450, dec: 0.0632, adv: 1.3494) D: (cover: 0.3852, enc: 0.3590) PSNR: 40.38dB
Epoch [31/400] Batch [180/925] G: 0.0739 (enc: 0.1458, dec: 0.0685, adv: 1.1059) D: (cover: 0.3733, enc: 0.3960) PSNR: 40.41dB
Epoch [31/400] Batch [200/925] G: 0.0731 (enc: 0.1425, dec: 0.0675, adv: 1.3080) D: (cover: 0.3977, enc: 0.3303) PSNR: 40.30dB
Epoch [31/400] Batch [220/925] G: 0.0685 (enc: 0.1436, dec: 0.0629, adv: 1.2464) D: (cover: 0.5263, enc: 0.3040) PSNR: 40.54dB
Epoch [31/400] Batch [240/925] G: 0.0688 (enc: 0.1468, dec: 0.0630, adv: 1.3885) D: (cover: 0.3000, enc: 0.3077) PSNR: 40.30dB
Epoch [31/400] Batch [260/925] G: 0.0711 (enc: 0.1436, dec: 0.0656, adv: 1.2189) D: (cover: 0.3509, enc: 0.3642) PSNR: 40.60dB
Epoch [31/400] Batch [280/925] G: 0.0715 (enc: 0.1471, dec: 0.0659, adv: 1.1687) D: (cover: 0.4384, enc: 0.3436) PSNR: 40.23dB
Epoch [31/400] Batch [300/925] G: 0.0716 (enc: 0.1448, dec: 0.0664, adv: 0.9083) D: (cover: 0.2209, enc: 0.6474) PSNR: 40.60dB
Epoch [31/400] Batch [320/925] G: 0.0710 (enc: 0.1434, dec: 0.0655, adv: 1.2263) D: (cover: 0.5478, enc: 0.3434) PSNR: 40.56dB
Epoch [31/400] Batch [340/925] G: 0.0724 (enc: 0.1455, dec: 0.0668, adv: 1.2437) D: (cover: 0.3818, enc: 0.3466) PSNR: 40.42dB
Epoch [31/400] Batch [360/925] G: 0.0685 (enc: 0.1442, dec: 0.0629, adv: 1.2773) D: (cover: 0.3612, enc: 0.3625) PSNR: 40.53dB
Epoch [31/400] Batch [380/925] G: 0.0724 (enc: 0.1463, dec: 0.0669, adv: 1.0982) D: (cover: 0.3360, enc: 0.4025) PSNR: 40.21dB
Epoch [31/400] Batch [400/925] G: 0.0687 (enc: 0.1452, dec: 0.0630, adv: 1.2768) D: (cover: 0.3725, enc: 0.3256) PSNR: 40.44dB
Epoch [31/400] Batch [420/925] G: 0.0752 (enc: 0.1410, dec: 0.0696, adv: 1.3192) D: (cover: 0.4942, enc: 0.3195) PSNR: 40.25dB
Epoch [31/400] Batch [440/925] G: 0.0696 (enc: 0.1475, dec: 0.0639, adv: 1.2490) D: (cover: 0.4463, enc: 0.3361) PSNR: 40.14dB
Epoch [31/400] Batch [460/925] G: 0.0684 (enc: 0.1454, dec: 0.0629, adv: 1.1693) D: (cover: 0.3364, enc: 0.4412) PSNR: 40.24dB
Epoch [31/400] Batch [480/925] G: 0.0722 (enc: 0.1476, dec: 0.0664, adv: 1.3640) D: (cover: 0.3250, enc: 0.3526) PSNR: 40.38dB
Epoch [31/400] Batch [500/925] G: 0.0734 (enc: 0.1459, dec: 0.0675, adv: 1.4900) D: (cover: 0.5431, enc: 0.2458) PSNR: 40.36dB
Epoch [31/400] Batch [520/925] G: 0.0729 (enc: 0.1399, dec: 0.0672, adv: 1.5318) D: (cover: 0.5217, enc: 0.2440) PSNR: 40.39dB
Epoch [31/400] Batch [540/925] G: 0.0734 (enc: 0.1441, dec: 0.0681, adv: 0.9976) D: (cover: 0.2587, enc: 0.4855) PSNR: 40.08dB
Epoch [31/400] Batch [560/925] G: 0.0672 (enc: 0.1483, dec: 0.0616, adv: 1.1402) D: (cover: 0.3113, enc: 0.4188) PSNR: 40.20dB
Epoch [31/400] Batch [580/925] G: 0.0732 (enc: 0.1419, dec: 0.0679, adv: 1.0573) D: (cover: 0.3305, enc: 0.4555) PSNR: 40.32dB
Epoch [31/400] Batch [600/925] G: 0.0719 (enc: 0.1431, dec: 0.0663, adv: 1.3040) D: (cover: 0.3886, enc: 0.3279) PSNR: 40.34dB
Epoch [31/400] Batch [620/925] G: 0.0671 (enc: 0.1439, dec: 0.0615, adv: 1.2476) D: (cover: 0.2662, enc: 0.4088) PSNR: 40.26dB
Epoch [31/400] Batch [640/925] G: 0.0713 (enc: 0.1442, dec: 0.0657, adv: 1.2405) D: (cover: 0.3572, enc: 0.3605) PSNR: 40.37dB
Epoch [31/400] Batch [660/925] G: 0.0740 (enc: 0.1440, dec: 0.0685, adv: 1.2695) D: (cover: 0.3050, enc: 0.3903) PSNR: 40.46dB
Epoch [31/400] Batch [680/925] G: 0.0715 (enc: 0.1457, dec: 0.0660, adv: 1.1521) D: (cover: 0.3452, enc: 0.4978) PSNR: 40.36dB
Epoch [31/400] Batch [700/925] G: 0.0719 (enc: 0.1451, dec: 0.0663, adv: 1.2653) D: (cover: 0.3040, enc: 0.4045) PSNR: 40.18dB
Epoch [31/400] Batch [720/925] G: 0.0732 (enc: 0.1398, dec: 0.0678, adv: 1.2155) D: (cover: 0.5362, enc: 0.3479) PSNR: 40.25dB
Epoch [31/400] Batch [740/925] G: 0.0712 (enc: 0.1469, dec: 0.0655, adv: 1.2143) D: (cover: 0.2734, enc: 0.4854) PSNR: 40.18dB
Epoch [31/400] Batch [760/925] G: 0.0700 (enc: 0.1465, dec: 0.0644, adv: 1.2525) D: (cover: 0.2469, enc: 0.4210) PSNR: 40.12dB
Epoch [31/400] Batch [780/925] G: 0.0717 (enc: 0.1436, dec: 0.0663, adv: 1.0943) D: (cover: 0.2753, enc: 0.4269) PSNR: 40.46dB
Epoch [31/400] Batch [800/925] G: 0.0763 (enc: 0.1399, dec: 0.0711, adv: 1.0262) D: (cover: 0.3326, enc: 0.4482) PSNR: 40.50dB
Epoch [31/400] Batch [820/925] G: 0.0694 (enc: 0.1459, dec: 0.0639, adv: 1.1364) D: (cover: 0.2851, enc: 0.4659) PSNR: 40.36dB
Epoch [31/400] Batch [840/925] G: 0.0721 (enc: 0.1437, dec: 0.0665, adv: 1.2353) D: (cover: 0.3717, enc: 0.3365) PSNR: 40.06dB
Epoch [31/400] Batch [860/925] G: 0.0657 (enc: 0.1460, dec: 0.0598, adv: 1.5101) D: (cover: 0.4854, enc: 0.2719) PSNR: 40.36dB
Epoch [31/400] Batch [880/925] G: 0.0716 (enc: 0.1443, dec: 0.0660, adv: 1.3302) D: (cover: 0.3657, enc: 0.3256) PSNR: 40.42dB
Epoch [31/400] Batch [900/925] G: 0.0682 (enc: 0.1475, dec: 0.0627, adv: 1.0923) D: (cover: 0.2813, enc: 0.4415) PSNR: 40.15dB
Epoch [31/400] Batch [920/925] G: 0.0695 (enc: 0.1492, dec: 0.0638, adv: 1.2764) D: (cover: 0.3754, enc: 0.3086) PSNR: 40.23dB
Epoch [31/400] 训练平均损失: 0.0710
Epoch [31/400] 验证平均损失: 0.0897 enc: 0.1469, dec: 0.0797 PSNR: 40.28dB
Epoch [31/400] 验证耗时: 10.10s
Epoch [31/400] 保存验证输出耗时: 0.03s
Epoch [31/400] 训练耗时: 470.59s
Epoch [31/400] 保存检查点耗时: 0.00s
Epoch [31/400] 总耗时: 480.73s
Epoch [32/400] 第1批数据获取耗时: 1.27s
Epoch [32/400] Batch [20/925] G: 0.0704 (enc: 0.1458, dec: 0.0648, adv: 1.2435) D: (cover: 0.3200, enc: 0.4032) PSNR: 40.38dB
Epoch [32/400] Batch [40/925] G: 0.0710 (enc: 0.1484, dec: 0.0656, adv: 0.9565) D: (cover: 0.2453, enc: 0.5306) PSNR: 40.31dB
Epoch [32/400] Batch [60/925] G: 0.0703 (enc: 0.1455, dec: 0.0646, adv: 1.2856) D: (cover: 0.3695, enc: 0.3504) PSNR: 40.44dB
Epoch [32/400] Batch [80/925] G: 0.0721 (enc: 0.1437, dec: 0.0666, adv: 1.1758) D: (cover: 0.2586, enc: 0.4334) PSNR: 40.24dB
Epoch [32/400] Batch [100/925] G: 0.0679 (enc: 0.1448, dec: 0.0622, adv: 1.3427) D: (cover: 0.3371, enc: 0.3406) PSNR: 40.26dB
Epoch [32/400] Batch [120/925] G: 0.0687 (enc: 0.1455, dec: 0.0630, adv: 1.3430) D: (cover: 0.2826, enc: 0.3999) PSNR: 40.11dB
Epoch [32/400] Batch [140/925] G: 0.0678 (enc: 0.1440, dec: 0.0623, adv: 1.1520) D: (cover: 0.2225, enc: 0.4529) PSNR: 40.28dB
Epoch [32/400] Batch [160/925] G: 0.0700 (enc: 0.1453, dec: 0.0645, adv: 1.1536) D: (cover: 0.3004, enc: 0.4106) PSNR: 40.32dB
Epoch [32/400] Batch [180/925] G: 0.0694 (enc: 0.1448, dec: 0.0640, adv: 1.1155) D: (cover: 0.2741, enc: 0.4582) PSNR: 40.30dB
Epoch [32/400] Batch [200/925] G: 0.0716 (enc: 0.1461, dec: 0.0660, adv: 1.2210) D: (cover: 0.2966, enc: 0.3779) PSNR: 40.29dB
Epoch [32/400] Batch [220/925] G: 0.0689 (enc: 0.1467, dec: 0.0630, adv: 1.4696) D: (cover: 0.4691, enc: 0.2816) PSNR: 40.02dB
Epoch [32/400] Batch [240/925] G: 0.0720 (enc: 0.1497, dec: 0.0662, adv: 1.3343) D: (cover: 0.2689, enc: 0.4533) PSNR: 40.01dB
Epoch [32/400] Batch [260/925] G: 0.0747 (enc: 0.1444, dec: 0.0692, adv: 1.2366) D: (cover: 0.3799, enc: 0.3260) PSNR: 40.22dB
Epoch [32/400] Batch [280/925] G: 0.0644 (enc: 0.1487, dec: 0.0587, adv: 1.2976) D: (cover: 0.3451, enc: 0.3784) PSNR: 40.18dB
Epoch [32/400] Batch [300/925] G: 0.0718 (enc: 0.1477, dec: 0.0663, adv: 1.1284) D: (cover: 0.3775, enc: 0.4323) PSNR: 40.28dB
Epoch [32/400] Batch [320/925] G: 0.0683 (enc: 0.1466, dec: 0.0625, adv: 1.4528) D: (cover: 0.4338, enc: 0.2676) PSNR: 40.13dB
Epoch [32/400] Batch [340/925] G: 0.0673 (enc: 0.1492, dec: 0.0616, adv: 1.2751) D: (cover: 0.3658, enc: 0.3995) PSNR: 40.20dB
Epoch [32/400] Batch [360/925] G: 0.0696 (enc: 0.1487, dec: 0.0638, adv: 1.3192) D: (cover: 0.4479, enc: 0.2981) PSNR: 40.11dB
Epoch [32/400] Batch [380/925] G: 0.0724 (enc: 0.1466, dec: 0.0667, adv: 1.3614) D: (cover: 0.3458, enc: 0.3395) PSNR: 40.16dB
Epoch [32/400] Batch [400/925] G: 0.0701 (enc: 0.1502, dec: 0.0645, adv: 1.0890) D: (cover: 0.2717, enc: 0.4421) PSNR: 40.04dB
Epoch [32/400] Batch [420/925] G: 0.0689 (enc: 0.1414, dec: 0.0635, adv: 1.1403) D: (cover: 0.3216, enc: 0.4034) PSNR: 40.28dB
Epoch [32/400] Batch [440/925] G: 0.0696 (enc: 0.1538, dec: 0.0634, adv: 1.5866) D: (cover: 0.3519, enc: 0.2576) PSNR: 40.13dB
Epoch [32/400] Batch [460/925] G: 0.0691 (enc: 0.1533, dec: 0.0630, adv: 1.4773) D: (cover: 0.4432, enc: 0.2578) PSNR: 40.01dB
Epoch [32/400] Batch [480/925] G: 0.0655 (enc: 0.1530, dec: 0.0597, adv: 1.2519) D: (cover: 0.2446, enc: 0.3778) PSNR: 40.06dB
Epoch [32/400] Batch [500/925] G: 0.0721 (enc: 0.1464, dec: 0.0665, adv: 1.2869) D: (cover: 0.3705, enc: 0.3367) PSNR: 40.20dB
Epoch [32/400] Batch [520/925] G: 0.0685 (enc: 0.1511, dec: 0.0626, adv: 1.3020) D: (cover: 0.3586, enc: 0.2827) PSNR: 39.80dB
Epoch [32/400] Batch [540/925] G: 0.0689 (enc: 0.1500, dec: 0.0630, adv: 1.4318) D: (cover: 0.3904, enc: 0.2474) PSNR: 40.07dB
Epoch [32/400] Batch [560/925] G: 0.0697 (enc: 0.1520, dec: 0.0639, adv: 1.2253) D: (cover: 0.2326, enc: 0.4029) PSNR: 39.90dB
Epoch [32/400] Batch [580/925] G: 0.0699 (enc: 0.1519, dec: 0.0639, adv: 1.4653) D: (cover: 0.3230, enc: 0.3087) PSNR: 39.99dB
Epoch [32/400] Batch [600/925] G: 0.0678 (enc: 0.1533, dec: 0.0617, adv: 1.4854) D: (cover: 0.3119, enc: 0.2945) PSNR: 39.80dB
Epoch [32/400] Batch [620/925] G: 0.0671 (enc: 0.1446, dec: 0.0613, adv: 1.4426) D: (cover: 0.2905, enc: 0.2972) PSNR: 40.21dB
Epoch [32/400] Batch [640/925] G: 0.0684 (enc: 0.1468, dec: 0.0628, adv: 1.1187) D: (cover: 0.3022, enc: 0.4866) PSNR: 40.23dB
Epoch [32/400] Batch [660/925] G: 0.0649 (enc: 0.1480, dec: 0.0594, adv: 1.0391) D: (cover: 0.2154, enc: 0.4107) PSNR: 39.97dB
Epoch [32/400] Batch [680/925] G: 0.0678 (enc: 0.1480, dec: 0.0618, adv: 1.4744) D: (cover: 0.4471, enc: 0.2548) PSNR: 40.06dB
Epoch [32/400] Batch [700/925] G: 0.0660 (enc: 0.1545, dec: 0.0600, adv: 1.3682) D: (cover: 0.3092, enc: 0.3328) PSNR: 39.79dB
Epoch [32/400] Batch [720/925] G: 0.0658 (enc: 0.1555, dec: 0.0598, adv: 1.3455) D: (cover: 0.2319, enc: 0.3898) PSNR: 40.19dB
Epoch [32/400] Batch [740/925] G: 0.0677 (enc: 0.1487, dec: 0.0622, adv: 1.1077) D: (cover: 0.1970, enc: 0.4739) PSNR: 39.99dB
Epoch [32/400] Batch [760/925] G: 0.0650 (enc: 0.1540, dec: 0.0591, adv: 1.2450) D: (cover: 0.2869, enc: 0.3967) PSNR: 40.01dB
Epoch [32/400] Batch [780/925] G: 0.0678 (enc: 0.1450, dec: 0.0621, adv: 1.3609) D: (cover: 0.3478, enc: 0.3007) PSNR: 40.06dB
Epoch [32/400] Batch [800/925] G: 0.0683 (enc: 0.1479, dec: 0.0624, adv: 1.5257) D: (cover: 0.4634, enc: 0.2168) PSNR: 40.08dB
Epoch [32/400] Batch [820/925] G: 0.0663 (enc: 0.1558, dec: 0.0604, adv: 1.1951) D: (cover: 0.3475, enc: 0.3238) PSNR: 39.85dB
Epoch [32/400] Batch [840/925] G: 0.0650 (enc: 0.1522, dec: 0.0589, adv: 1.5686) D: (cover: 0.4098, enc: 0.2484) PSNR: 39.93dB
Epoch [32/400] Batch [860/925] G: 0.0653 (enc: 0.1525, dec: 0.0593, adv: 1.4377) D: (cover: 0.3826, enc: 0.2579) PSNR: 39.95dB
Epoch [32/400] Batch [880/925] G: 0.0694 (enc: 0.1464, dec: 0.0636, adv: 1.3633) D: (cover: 0.4528, enc: 0.3187) PSNR: 39.90dB
Epoch [32/400] Batch [900/925] G: 0.0692 (enc: 0.1507, dec: 0.0634, adv: 1.2317) D: (cover: 0.2275, enc: 0.4227) PSNR: 39.88dB
Epoch [32/400] Batch [920/925] G: 0.0690 (enc: 0.1555, dec: 0.0630, adv: 1.3647) D: (cover: 0.3691, enc: 0.2961) PSNR: 40.13dB
Epoch [32/400] 训练平均损失: 0.0687
Epoch [32/400] 验证平均损失: 0.0831 enc: 0.1557, dec: 0.0685 PSNR: 40.11dB
Epoch [32/400] 验证耗时: 10.13s
Epoch [32/400] 保存验证输出耗时: 0.03s
Epoch [32/400] 训练耗时: 470.56s
Epoch [32/400] 保存检查点耗时: 0.00s
Epoch [32/400] 总耗时: 480.73s
Epoch [33/400] 第1批数据获取耗时: 1.77s
Epoch [33/400] Batch [20/925] G: 0.0696 (enc: 0.1482, dec: 0.0636, adv: 1.5606) D: (cover: 0.4638, enc: 0.2408) PSNR: 40.02dB
Epoch [33/400] Batch [40/925] G: 0.0659 (enc: 0.1502, dec: 0.0600, adv: 1.3862) D: (cover: 0.2634, enc: 0.3824) PSNR: 40.01dB
Epoch [33/400] Batch [60/925] G: 0.0651 (enc: 0.1504, dec: 0.0593, adv: 1.2547) D: (cover: 0.3201, enc: 0.3786) PSNR: 40.19dB
Epoch [33/400] Batch [80/925] G: 0.0651 (enc: 0.1474, dec: 0.0592, adv: 1.4278) D: (cover: 0.5155, enc: 0.2360) PSNR: 40.02dB
Epoch [33/400] Batch [100/925] G: 0.0648 (enc: 0.1536, dec: 0.0589, adv: 1.3349) D: (cover: 0.3016, enc: 0.3226) PSNR: 40.00dB
Epoch [33/400] Batch [120/925] G: 0.0636 (enc: 0.1551, dec: 0.0578, adv: 1.1086) D: (cover: 0.1693, enc: 0.5128) PSNR: 40.10dB
Epoch [33/400] Batch [140/925] G: 0.0675 (enc: 0.1513, dec: 0.0618, adv: 1.2017) D: (cover: 0.2340, enc: 0.4069) PSNR: 40.09dB
Epoch [33/400] Batch [160/925] G: 0.0636 (enc: 0.1508, dec: 0.0578, adv: 1.2323) D: (cover: 0.2685, enc: 0.3982) PSNR: 40.19dB
Epoch [33/400] Batch [180/925] G: 0.0648 (enc: 0.1497, dec: 0.0588, adv: 1.4908) D: (cover: 0.3303, enc: 0.3000) PSNR: 39.93dB
Epoch [33/400] Batch [200/925] G: 0.0685 (enc: 0.1450, dec: 0.0632, adv: 0.9914) D: (cover: 0.2408, enc: 0.4969) PSNR: 39.90dB
Epoch [33/400] Batch [220/925] G: 0.0674 (enc: 0.1463, dec: 0.0615, adv: 1.5551) D: (cover: 0.5324, enc: 0.2404) PSNR: 40.20dB
Epoch [33/400] Batch [240/925] G: 0.0630 (enc: 0.1562, dec: 0.0570, adv: 1.2679) D: (cover: 0.1782, enc: 0.4848) PSNR: 39.84dB
Epoch [33/400] Batch [260/925] G: 0.0669 (enc: 0.1515, dec: 0.0609, adv: 1.4257) D: (cover: 0.3831, enc: 0.3089) PSNR: 39.96dB
Epoch [33/400] Batch [280/925] G: 0.0653 (enc: 0.1483, dec: 0.0598, adv: 1.0514) D: (cover: 0.2759, enc: 0.4321) PSNR: 40.14dB
Epoch [33/400] Batch [300/925] G: 0.0638 (enc: 0.1492, dec: 0.0578, adv: 1.4858) D: (cover: 0.3961, enc: 0.2745) PSNR: 40.22dB
Epoch [33/400] Batch [320/925] G: 0.0633 (enc: 0.1546, dec: 0.0573, adv: 1.3868) D: (cover: 0.2163, enc: 0.3383) PSNR: 40.17dB
Epoch [33/400] Batch [340/925] G: 0.0663 (enc: 0.1520, dec: 0.0602, adv: 1.4997) D: (cover: 0.3705, enc: 0.2628) PSNR: 39.94dB
Epoch [33/400] Batch [360/925] G: 0.0662 (enc: 0.1485, dec: 0.0606, adv: 1.1747) D: (cover: 0.2624, enc: 0.4266) PSNR: 40.04dB
Epoch [33/400] Batch [380/925] G: 0.0624 (enc: 0.1519, dec: 0.0566, adv: 1.3001) D: (cover: 0.3227, enc: 0.2626) PSNR: 39.88dB
Epoch [33/400] Batch [400/925] G: 0.0654 (enc: 0.1460, dec: 0.0599, adv: 1.1588) D: (cover: 0.2461, enc: 0.4156) PSNR: 40.08dB
Epoch [33/400] Batch [420/925] G: 0.0684 (enc: 0.1494, dec: 0.0629, adv: 1.0752) D: (cover: 0.2083, enc: 0.4966) PSNR: 39.92dB
Epoch [33/400] Batch [440/925] G: 0.0648 (enc: 0.1487, dec: 0.0590, adv: 1.2718) D: (cover: 0.2830, enc: 0.3992) PSNR: 40.02dB
Epoch [33/400] Batch [460/925] G: 0.0641 (enc: 0.1524, dec: 0.0581, adv: 1.3832) D: (cover: 0.2901, enc: 0.3225) PSNR: 40.07dB
Epoch [33/400] Batch [480/925] G: 0.0647 (enc: 0.1519, dec: 0.0587, adv: 1.3926) D: (cover: 0.4501, enc: 0.2360) PSNR: 40.03dB
Epoch [33/400] Batch [500/925] G: 0.0630 (enc: 0.1524, dec: 0.0571, adv: 1.3210) D: (cover: 0.3187, enc: 0.3015) PSNR: 39.67dB
Epoch [33/400] Batch [520/925] G: 0.0676 (enc: 0.1473, dec: 0.0616, adv: 1.5744) D: (cover: 0.2987, enc: 0.3528) PSNR: 39.73dB
Epoch [33/400] Batch [540/925] G: 0.0650 (enc: 0.1584, dec: 0.0589, adv: 1.3261) D: (cover: 0.1955, enc: 0.4059) PSNR: 39.95dB
Epoch [33/400] Batch [560/925] G: 0.0667 (enc: 0.1536, dec: 0.0607, adv: 1.3863) D: (cover: 0.2949, enc: 0.3254) PSNR: 39.88dB
Epoch [33/400] Batch [580/925] G: 0.0683 (enc: 0.1465, dec: 0.0624, adv: 1.4933) D: (cover: 0.3450, enc: 0.2968) PSNR: 39.87dB
Epoch [33/400] Batch [600/925] G: 0.0667 (enc: 0.1482, dec: 0.0608, adv: 1.4691) D: (cover: 0.2808, enc: 0.3316) PSNR: 40.02dB
Epoch [33/400] Batch [620/925] G: 0.0637 (enc: 0.1510, dec: 0.0578, adv: 1.3836) D: (cover: 0.4371, enc: 0.3023) PSNR: 39.60dB
Epoch [33/400] Batch [640/925] G: 0.0655 (enc: 0.1519, dec: 0.0595, adv: 1.4396) D: (cover: 0.4173, enc: 0.2611) PSNR: 40.00dB
Epoch [33/400] Batch [660/925] G: 0.0659 (enc: 0.1509, dec: 0.0601, adv: 1.1915) D: (cover: 0.2944, enc: 0.3984) PSNR: 39.90dB
Epoch [33/400] Batch [680/925] G: 0.0665 (enc: 0.1478, dec: 0.0608, adv: 1.2942) D: (cover: 0.3180, enc: 0.4085) PSNR: 39.98dB
Epoch [33/400] Batch [700/925] G: 0.0634 (enc: 0.1483, dec: 0.0575, adv: 1.3970) D: (cover: 0.3461, enc: 0.3211) PSNR: 39.89dB
Epoch [33/400] Batch [720/925] G: 0.0639 (enc: 0.1505, dec: 0.0578, adv: 1.6658) D: (cover: 0.3188, enc: 0.2833) PSNR: 39.84dB
Epoch [33/400] Batch [740/925] G: 0.0662 (enc: 0.1507, dec: 0.0602, adv: 1.5070) D: (cover: 0.3044, enc: 0.3151) PSNR: 40.04dB
Epoch [33/400] Batch [760/925] G: 0.0666 (enc: 0.1477, dec: 0.0605, adv: 1.7050) D: (cover: 0.4600, enc: 0.2007) PSNR: 39.96dB
Epoch [33/400] Batch [780/925] G: 0.0697 (enc: 0.1482, dec: 0.0635, adv: 1.7228) D: (cover: 0.5652, enc: 0.1930) PSNR: 39.92dB
Epoch [33/400] Batch [800/925] G: 0.0640 (enc: 0.1496, dec: 0.0580, adv: 1.4447) D: (cover: 0.2790, enc: 0.3092) PSNR: 40.04dB
Epoch [33/400] Batch [820/925] G: 0.0637 (enc: 0.1472, dec: 0.0579, adv: 1.3664) D: (cover: 0.4543, enc: 0.2573) PSNR: 40.01dB
Epoch [33/400] Batch [840/925] G: 0.0612 (enc: 0.1590, dec: 0.0551, adv: 1.3080) D: (cover: 0.2227, enc: 0.3206) PSNR: 39.92dB
Epoch [33/400] Batch [860/925] G: 0.0642 (enc: 0.1517, dec: 0.0583, adv: 1.3772) D: (cover: 0.3447, enc: 0.2658) PSNR: 40.02dB
Epoch [33/400] Batch [880/925] G: 0.0628 (enc: 0.1479, dec: 0.0573, adv: 1.0584) D: (cover: 0.1804, enc: 0.4387) PSNR: 40.25dB
Epoch [33/400] Batch [900/925] G: 0.0644 (enc: 0.1492, dec: 0.0587, adv: 1.2535) D: (cover: 0.2418, enc: 0.4412) PSNR: 40.13dB
Epoch [33/400] Batch [920/925] G: 0.0662 (enc: 0.1507, dec: 0.0602, adv: 1.3920) D: (cover: 0.3662, enc: 0.2900) PSNR: 40.04dB
Epoch [33/400] 训练平均损失: 0.0659
Epoch [33/400] 验证平均损失: 0.0869 enc: 0.1698, dec: 0.0693 PSNR: 39.34dB
Epoch [33/400] 验证耗时: 10.12s
Epoch [33/400] 保存验证输出耗时: 0.03s
Epoch [33/400] 训练耗时: 470.99s
Epoch [33/400] 保存检查点耗时: 0.01s
Epoch [33/400] 总耗时: 481.16s
Epoch [34/400] 第1批数据获取耗时: 0.91s
Epoch [34/400] Batch [20/925] G: 0.0682 (enc: 0.1547, dec: 0.0620, adv: 1.5042) D: (cover: 0.2634, enc: 0.3518) PSNR: 39.99dB
Epoch [34/400] Batch [40/925] G: 0.0634 (enc: 0.1507, dec: 0.0573, adv: 1.5994) D: (cover: 0.4057, enc: 0.2267) PSNR: 40.00dB
Epoch [34/400] Batch [60/925] G: 0.0678 (enc: 0.1499, dec: 0.0621, adv: 1.1808) D: (cover: 0.2343, enc: 0.3306) PSNR: 40.20dB
Epoch [34/400] Batch [80/925] G: 0.0642 (enc: 0.1493, dec: 0.0584, adv: 1.3621) D: (cover: 0.3357, enc: 0.3274) PSNR: 40.09dB
Epoch [34/400] Batch [100/925] G: 0.0656 (enc: 0.1579, dec: 0.0594, adv: 1.4458) D: (cover: 0.3696, enc: 0.2601) PSNR: 39.89dB
Epoch [34/400] Batch [120/925] G: 0.0688 (enc: 0.1462, dec: 0.0630, adv: 1.4029) D: (cover: 0.3382, enc: 0.3049) PSNR: 39.93dB
Epoch [34/400] Batch [140/925] G: 0.0688 (enc: 0.1483, dec: 0.0630, adv: 1.3095) D: (cover: 0.4390, enc: 0.2825) PSNR: 40.13dB
Epoch [34/400] Batch [160/925] G: 0.0669 (enc: 0.1498, dec: 0.0610, adv: 1.4713) D: (cover: 0.4214, enc: 0.2697) PSNR: 40.00dB
Epoch [34/400] Batch [180/925] G: 0.0696 (enc: 0.1488, dec: 0.0635, adv: 1.6340) D: (cover: 0.2595, enc: 0.3173) PSNR: 40.09dB
Epoch [34/400] Batch [200/925] G: 0.0681 (enc: 0.1485, dec: 0.0623, adv: 1.3927) D: (cover: 0.2380, enc: 0.3197) PSNR: 39.85dB
Epoch [34/400] Batch [220/925] G: 0.0673 (enc: 0.1491, dec: 0.0615, adv: 1.3206) D: (cover: 0.3475, enc: 0.3356) PSNR: 40.15dB
Epoch [34/400] Batch [240/925] G: 0.0698 (enc: 0.1526, dec: 0.0636, adv: 1.6285) D: (cover: 0.3885, enc: 0.2478) PSNR: 39.86dB
Epoch [34/400] Batch [260/925] G: 0.0670 (enc: 0.1509, dec: 0.0609, adv: 1.5439) D: (cover: 0.5968, enc: 0.2170) PSNR: 39.87dB
Epoch [34/400] Batch [280/925] G: 0.0640 (enc: 0.1507, dec: 0.0580, adv: 1.5015) D: (cover: 0.3609, enc: 0.2548) PSNR: 40.19dB
Epoch [34/400] Batch [300/925] G: 0.0683 (enc: 0.1516, dec: 0.0621, adv: 1.6416) D: (cover: 0.4770, enc: 0.2294) PSNR: 39.99dB
Epoch [34/400] Batch [320/925] G: 0.0632 (enc: 0.1523, dec: 0.0574, adv: 1.2305) D: (cover: 0.2177, enc: 0.3832) PSNR: 40.07dB
Epoch [34/400] Batch [340/925] G: 0.0649 (enc: 0.1442, dec: 0.0589, adv: 1.7178) D: (cover: 0.4878, enc: 0.2277) PSNR: 40.06dB
Epoch [34/400] Batch [360/925] G: 0.0644 (enc: 0.1533, dec: 0.0581, adv: 1.6767) D: (cover: 0.3644, enc: 0.2315) PSNR: 40.17dB
Epoch [34/400] Batch [380/925] G: 0.0644 (enc: 0.1465, dec: 0.0586, adv: 1.3180) D: (cover: 0.3114, enc: 0.3186) PSNR: 40.26dB
Epoch [34/400] Batch [400/925] G: 0.0621 (enc: 0.1541, dec: 0.0560, adv: 1.4415) D: (cover: 0.3674, enc: 0.2839) PSNR: 39.90dB
Epoch [34/400] Batch [420/925] G: 0.0622 (enc: 0.1516, dec: 0.0562, adv: 1.4120) D: (cover: 0.2818, enc: 0.3578) PSNR: 40.08dB
Epoch [34/400] Batch [440/925] G: 0.0631 (enc: 0.1433, dec: 0.0575, adv: 1.3198) D: (cover: 0.4801, enc: 0.2753) PSNR: 40.15dB
Epoch [34/400] Batch [460/925] G: 0.0653 (enc: 0.1479, dec: 0.0595, adv: 1.3863) D: (cover: 0.3294, enc: 0.3167) PSNR: 40.12dB
Epoch [34/400] Batch [480/925] G: 0.0634 (enc: 0.1524, dec: 0.0576, adv: 1.2149) D: (cover: 0.1816, enc: 0.4658) PSNR: 40.20dB
Epoch [34/400] Batch [500/925] G: 0.0659 (enc: 0.1517, dec: 0.0598, adv: 1.4956) D: (cover: 0.2424, enc: 0.3397) PSNR: 40.13dB
Epoch [34/400] Batch [520/925] G: 0.0635 (enc: 0.1465, dec: 0.0575, adv: 1.6201) D: (cover: 0.3389, enc: 0.2549) PSNR: 40.06dB
Epoch [34/400] Batch [540/925] G: 0.0619 (enc: 0.1473, dec: 0.0563, adv: 1.2117) D: (cover: 0.2470, enc: 0.4285) PSNR: 40.03dB
Epoch [34/400] Batch [560/925] G: 0.0650 (enc: 0.1470, dec: 0.0591, adv: 1.4381) D: (cover: 0.3041, enc: 0.3218) PSNR: 40.10dB
Epoch [34/400] Batch [580/925] G: 0.0671 (enc: 0.1471, dec: 0.0614, adv: 1.3639) D: (cover: 0.4325, enc: 0.2754) PSNR: 39.97dB
Epoch [34/400] Batch [600/925] G: 0.0648 (enc: 0.1517, dec: 0.0588, adv: 1.4921) D: (cover: 0.2467, enc: 0.3222) PSNR: 40.05dB
Epoch [34/400] Batch [620/925] G: 0.0652 (enc: 0.1439, dec: 0.0592, adv: 1.6496) D: (cover: 0.3221, enc: 0.2903) PSNR: 40.10dB
Epoch [34/400] Batch [640/925] G: 0.0653 (enc: 0.1472, dec: 0.0594, adv: 1.4773) D: (cover: 0.3625, enc: 0.2718) PSNR: 39.92dB
Epoch [34/400] Batch [660/925] G: 0.0643 (enc: 0.1444, dec: 0.0586, adv: 1.3969) D: (cover: 0.3441, enc: 0.3020) PSNR: 40.07dB
Epoch [34/400] Batch [680/925] G: 0.0668 (enc: 0.1484, dec: 0.0613, adv: 1.0060) D: (cover: 0.1835, enc: 0.4648) PSNR: 40.00dB
Epoch [34/400] Batch [700/925] G: 0.0667 (enc: 0.1494, dec: 0.0607, adv: 1.5114) D: (cover: 0.5647, enc: 0.2217) PSNR: 39.99dB
Epoch [34/400] Batch [720/925] G: 0.0629 (enc: 0.1570, dec: 0.0568, adv: 1.3784) D: (cover: 0.2930, enc: 0.3004) PSNR: 39.76dB
Epoch [34/400] Batch [740/925] G: 0.0643 (enc: 0.1543, dec: 0.0581, adv: 1.5655) D: (cover: 0.4219, enc: 0.2359) PSNR: 39.74dB
Epoch [34/400] Batch [760/925] G: 0.0643 (enc: 0.1472, dec: 0.0585, adv: 1.4213) D: (cover: 0.3001, enc: 0.2847) PSNR: 40.14dB
Epoch [34/400] Batch [780/925] G: 0.0629 (enc: 0.1461, dec: 0.0572, adv: 1.2570) D: (cover: 0.1951, enc: 0.4539) PSNR: 40.11dB
Epoch [34/400] Batch [800/925] G: 0.0660 (enc: 0.1483, dec: 0.0600, adv: 1.4818) D: (cover: 0.3113, enc: 0.3534) PSNR: 39.98dB
Epoch [34/400] Batch [820/925] G: 0.0650 (enc: 0.1508, dec: 0.0589, adv: 1.6273) D: (cover: 0.3555, enc: 0.2887) PSNR: 40.15dB
Epoch [34/400] Batch [840/925] G: 0.0626 (enc: 0.1512, dec: 0.0567, adv: 1.3139) D: (cover: 0.1638, enc: 0.4417) PSNR: 40.05dB
Epoch [34/400] Batch [860/925] G: 0.0651 (enc: 0.1472, dec: 0.0594, adv: 1.2411) D: (cover: 0.3149, enc: 0.3707) PSNR: 39.94dB
Epoch [34/400] Batch [880/925] G: 0.0624 (enc: 0.1506, dec: 0.0566, adv: 1.3555) D: (cover: 0.1885, enc: 0.4349) PSNR: 40.10dB
Epoch [34/400] Batch [900/925] G: 0.0642 (enc: 0.1497, dec: 0.0583, adv: 1.4066) D: (cover: 0.3599, enc: 0.3122) PSNR: 39.89dB
Epoch [34/400] Batch [920/925] G: 0.0660 (enc: 0.1501, dec: 0.0602, adv: 1.3376) D: (cover: 0.1962, enc: 0.4572) PSNR: 40.02dB
Epoch [34/400] 训练平均损失: 0.0651
Epoch [34/400] 验证平均损失: 0.0802 enc: 0.1676, dec: 0.0541 PSNR: 40.05dB
Epoch [34/400] 验证耗时: 10.02s
Epoch [34/400] 保存验证输出耗时: 0.03s
Epoch [34/400] 训练耗时: 470.22s
Epoch [34/400] 保存检查点耗时: 0.00s
Epoch [34/400] 总耗时: 480.27s
Epoch [35/400] 第1批数据获取耗时: 0.83s
Epoch [35/400] Batch [20/925] G: 0.0698 (enc: 0.1463, dec: 0.0641, adv: 1.3718) D: (cover: 0.3794, enc: 0.3190) PSNR: 40.03dB
Epoch [35/400] Batch [40/925] G: 0.0668 (enc: 0.1470, dec: 0.0608, adv: 1.6574) D: (cover: 0.2799, enc: 0.2769) PSNR: 39.87dB
Epoch [35/400] Batch [60/925] G: 0.0669 (enc: 0.1481, dec: 0.0610, adv: 1.4383) D: (cover: 0.3839, enc: 0.2787) PSNR: 39.97dB
Epoch [35/400] Batch [80/925] G: 0.0629 (enc: 0.1452, dec: 0.0572, adv: 1.3095) D: (cover: 0.3875, enc: 0.3004) PSNR: 40.13dB
Epoch [35/400] Batch [100/925] G: 0.0655 (enc: 0.1453, dec: 0.0597, adv: 1.4398) D: (cover: 0.4962, enc: 0.2444) PSNR: 39.98dB
Epoch [35/400] Batch [120/925] G: 0.0641 (enc: 0.1482, dec: 0.0582, adv: 1.4356) D: (cover: 0.3845, enc: 0.2953) PSNR: 39.92dB
Epoch [35/400] Batch [140/925] G: 0.0637 (enc: 0.1478, dec: 0.0577, adv: 1.5465) D: (cover: 0.3479, enc: 0.2637) PSNR: 39.83dB
Epoch [35/400] Batch [160/925] G: 0.0645 (enc: 0.1480, dec: 0.0588, adv: 1.2644) D: (cover: 0.3120, enc: 0.3468) PSNR: 40.00dB
Epoch [35/400] Batch [180/925] G: 0.0667 (enc: 0.1459, dec: 0.0609, adv: 1.4975) D: (cover: 0.3666, enc: 0.2537) PSNR: 39.87dB
Epoch [35/400] Batch [200/925] G: 0.0595 (enc: 0.1539, dec: 0.0534, adv: 1.4196) D: (cover: 0.4055, enc: 0.2475) PSNR: 39.95dB
Epoch [35/400] Batch [220/925] G: 0.0660 (enc: 0.1472, dec: 0.0603, adv: 1.2546) D: (cover: 0.2853, enc: 0.3363) PSNR: 40.04dB
Epoch [35/400] Batch [240/925] G: 0.0664 (enc: 0.1497, dec: 0.0603, adv: 1.5887) D: (cover: 0.3065, enc: 0.2922) PSNR: 39.82dB
Epoch [35/400] Batch [260/925] G: 0.0596 (enc: 0.1477, dec: 0.0537, adv: 1.4683) D: (cover: 0.5126, enc: 0.2422) PSNR: 40.04dB
Epoch [35/400] Batch [280/925] G: 0.0626 (enc: 0.1438, dec: 0.0570, adv: 1.2856) D: (cover: 0.3819, enc: 0.3257) PSNR: 40.27dB
Epoch [35/400] Batch [300/925] G: 0.0681 (enc: 0.1449, dec: 0.0626, adv: 1.1426) D: (cover: 0.3252, enc: 0.3596) PSNR: 40.04dB
Epoch [35/400] Batch [320/925] G: 0.0658 (enc: 0.1513, dec: 0.0598, adv: 1.4934) D: (cover: 0.3538, enc: 0.3066) PSNR: 39.93dB
Epoch [35/400] Batch [340/925] G: 0.0675 (enc: 0.1471, dec: 0.0617, adv: 1.3864) D: (cover: 0.2355, enc: 0.3430) PSNR: 40.12dB
Epoch [35/400] Batch [360/925] G: 0.0655 (enc: 0.1406, dec: 0.0600, adv: 1.3582) D: (cover: 0.4251, enc: 0.3032) PSNR: 40.23dB
Epoch [35/400] Batch [380/925] G: 0.0657 (enc: 0.1447, dec: 0.0602, adv: 1.1527) D: (cover: 0.2519, enc: 0.3712) PSNR: 39.92dB
Epoch [35/400] Batch [400/925] G: 0.0607 (enc: 0.1489, dec: 0.0549, adv: 1.4110) D: (cover: 0.2743, enc: 0.2959) PSNR: 40.09dB
Epoch [35/400] Batch [420/925] G: 0.0662 (enc: 0.1499, dec: 0.0602, adv: 1.4762) D: (cover: 0.2352, enc: 0.3334) PSNR: 40.05dB
Epoch [35/400] Batch [440/925] G: 0.0676 (enc: 0.1523, dec: 0.0619, adv: 1.1591) D: (cover: 0.2379, enc: 0.4447) PSNR: 40.07dB
Epoch [35/400] Batch [460/925] G: 0.0610 (enc: 0.1511, dec: 0.0553, adv: 1.1563) D: (cover: 0.2175, enc: 0.4730) PSNR: 39.84dB
Epoch [35/400] Batch [480/925] G: 0.0644 (enc: 0.1450, dec: 0.0586, adv: 1.4055) D: (cover: 0.2512, enc: 0.3767) PSNR: 40.15dB
Epoch [35/400] Batch [500/925] G: 0.0659 (enc: 0.1489, dec: 0.0602, adv: 1.2566) D: (cover: 0.3284, enc: 0.3600) PSNR: 39.94dB
Epoch [35/400] Batch [520/925] G: 0.0649 (enc: 0.1479, dec: 0.0591, adv: 1.3499) D: (cover: 0.1520, enc: 0.4637) PSNR: 40.17dB
Epoch [35/400] Batch [540/925] G: 0.0662 (enc: 0.1473, dec: 0.0605, adv: 1.3164) D: (cover: 0.3577, enc: 0.2748) PSNR: 40.09dB
Epoch [35/400] Batch [560/925] G: 0.0692 (enc: 0.1439, dec: 0.0635, adv: 1.4369) D: (cover: 0.5754, enc: 0.2541) PSNR: 40.02dB
Epoch [35/400] Batch [580/925] G: 0.0648 (enc: 0.1475, dec: 0.0589, adv: 1.4768) D: (cover: 0.3769, enc: 0.2894) PSNR: 39.96dB
Epoch [35/400] Batch [600/925] G: 0.0647 (enc: 0.1483, dec: 0.0586, adv: 1.6577) D: (cover: 0.3428, enc: 0.2477) PSNR: 40.11dB
Epoch [35/400] Batch [620/925] G: 0.0646 (enc: 0.1493, dec: 0.0587, adv: 1.4043) D: (cover: 0.2930, enc: 0.3128) PSNR: 40.03dB
Epoch [35/400] Batch [640/925] G: 0.0645 (enc: 0.1455, dec: 0.0588, adv: 1.3354) D: (cover: 0.3041, enc: 0.3383) PSNR: 40.06dB
Epoch [35/400] Batch [660/925] G: 0.0657 (enc: 0.1502, dec: 0.0600, adv: 1.1894) D: (cover: 0.3302, enc: 0.3849) PSNR: 40.02dB
Epoch [35/400] Batch [680/925] G: 0.0644 (enc: 0.1505, dec: 0.0586, adv: 1.2925) D: (cover: 0.2627, enc: 0.3651) PSNR: 40.14dB
Epoch [35/400] Batch [700/925] G: 0.0675 (enc: 0.1490, dec: 0.0615, adv: 1.5613) D: (cover: 0.3459, enc: 0.2898) PSNR: 39.76dB
Epoch [35/400] Batch [720/925] G: 0.0657 (enc: 0.1488, dec: 0.0598, adv: 1.3895) D: (cover: 0.2422, enc: 0.4140) PSNR: 40.08dB
Epoch [35/400] Batch [740/925] G: 0.0644 (enc: 0.1472, dec: 0.0584, adv: 1.5620) D: (cover: 0.4667, enc: 0.2073) PSNR: 40.17dB
Epoch [35/400] Batch [760/925] G: 0.0635 (enc: 0.1514, dec: 0.0577, adv: 1.2567) D: (cover: 0.2429, enc: 0.3715) PSNR: 40.03dB
Epoch [35/400] Batch [780/925] G: 0.0648 (enc: 0.1419, dec: 0.0594, adv: 1.1115) D: (cover: 0.2479, enc: 0.4334) PSNR: 40.09dB
Epoch [35/400] Batch [800/925] G: 0.0621 (enc: 0.1446, dec: 0.0564, adv: 1.3530) D: (cover: 0.4106, enc: 0.2791) PSNR: 39.94dB
Epoch [35/400] Batch [820/925] G: 0.0654 (enc: 0.1444, dec: 0.0597, adv: 1.3240) D: (cover: 0.2907, enc: 0.3748) PSNR: 39.85dB
Epoch [35/400] Batch [840/925] G: 0.0666 (enc: 0.1480, dec: 0.0607, adv: 1.5155) D: (cover: 0.4110, enc: 0.2899) PSNR: 40.12dB
Epoch [35/400] Batch [860/925] G: 0.0607 (enc: 0.1487, dec: 0.0548, adv: 1.4051) D: (cover: 0.3397, enc: 0.2849) PSNR: 40.01dB
Epoch [35/400] Batch [880/925] G: 0.0675 (enc: 0.1464, dec: 0.0617, adv: 1.3830) D: (cover: 0.4176, enc: 0.3254) PSNR: 39.82dB
Epoch [35/400] Batch [900/925] G: 0.0632 (enc: 0.1467, dec: 0.0573, adv: 1.4814) D: (cover: 0.2595, enc: 0.3104) PSNR: 40.28dB
Epoch [35/400] Batch [920/925] G: 0.0623 (enc: 0.1476, dec: 0.0563, adv: 1.6404) D: (cover: 0.3012, enc: 0.2983) PSNR: 40.06dB
Epoch [35/400] 训练平均损失: 0.0646
Epoch [35/400] 验证平均损失: 0.0780 enc: 0.1605, dec: 0.0633 PSNR: 39.25dB
Epoch [35/400] 验证耗时: 9.93s
Epoch [35/400] 保存验证输出耗时: 0.03s
Epoch [35/400] 训练耗时: 470.10s
Epoch [35/400] 保存检查点耗时: 0.00s
Epoch [35/400] 总耗时: 480.06s
Epoch [36/400] 第1批数据获取耗时: 1.92s
Epoch [36/400] Batch [20/925] G: 0.0639 (enc: 0.1451, dec: 0.0584, adv: 1.1427) D: (cover: 0.2656, enc: 0.4764) PSNR: 40.09dB
Epoch [36/400] Batch [40/925] G: 0.0643 (enc: 0.1501, dec: 0.0583, adv: 1.4183) D: (cover: 0.5092, enc: 0.2517) PSNR: 39.94dB
Epoch [36/400] Batch [60/925] G: 0.0653 (enc: 0.1437, dec: 0.0597, adv: 1.2759) D: (cover: 0.3667, enc: 0.3246) PSNR: 40.10dB
Epoch [36/400] Batch [80/925] G: 0.0637 (enc: 0.1442, dec: 0.0578, adv: 1.5608) D: (cover: 0.2788, enc: 0.3091) PSNR: 40.09dB
Epoch [36/400] Batch [100/925] G: 0.0643 (enc: 0.1469, dec: 0.0585, adv: 1.4247) D: (cover: 0.2733, enc: 0.3915) PSNR: 40.06dB
Epoch [36/400] Batch [120/925] G: 0.0657 (enc: 0.1514, dec: 0.0596, adv: 1.5401) D: (cover: 0.4061, enc: 0.2438) PSNR: 39.91dB
Epoch [36/400] Batch [140/925] G: 0.0662 (enc: 0.1463, dec: 0.0603, adv: 1.4908) D: (cover: 0.2895, enc: 0.3379) PSNR: 39.82dB
Epoch [36/400] Batch [160/925] G: 0.0621 (enc: 0.1434, dec: 0.0564, adv: 1.3287) D: (cover: 0.2495, enc: 0.3372) PSNR: 40.15dB
Epoch [36/400] Batch [180/925] G: 0.0627 (enc: 0.1438, dec: 0.0573, adv: 1.1213) D: (cover: 0.1815, enc: 0.5393) PSNR: 40.21dB
Epoch [36/400] Batch [200/925] G: 0.0637 (enc: 0.1489, dec: 0.0578, adv: 1.4124) D: (cover: 0.2956, enc: 0.3403) PSNR: 39.83dB
Epoch [36/400] Batch [220/925] G: 0.0651 (enc: 0.1530, dec: 0.0589, adv: 1.6125) D: (cover: 0.4729, enc: 0.2439) PSNR: 39.92dB
Epoch [36/400] Batch [240/925] G: 0.0641 (enc: 0.1482, dec: 0.0584, adv: 1.2979) D: (cover: 0.2764, enc: 0.3340) PSNR: 40.05dB
Epoch [36/400] Batch [260/925] G: 0.0641 (enc: 0.1447, dec: 0.0587, adv: 1.0554) D: (cover: 0.1975, enc: 0.5275) PSNR: 39.82dB
Epoch [36/400] Batch [280/925] G: 0.0676 (enc: 0.1505, dec: 0.0614, adv: 1.6570) D: (cover: 0.5598, enc: 0.2175) PSNR: 40.07dB
Epoch [36/400] Batch [300/925] G: 0.0635 (enc: 0.1505, dec: 0.0575, adv: 1.4598) D: (cover: 0.2867, enc: 0.3193) PSNR: 40.08dB
Epoch [36/400] Batch [320/925] G: 0.0622 (enc: 0.1482, dec: 0.0562, adv: 1.6002) D: (cover: 0.4042, enc: 0.2272) PSNR: 39.97dB
Epoch [36/400] Batch [340/925] G: 0.0638 (enc: 0.1445, dec: 0.0580, adv: 1.4722) D: (cover: 0.2643, enc: 0.3469) PSNR: 40.24dB
Epoch [36/400] Batch [360/925] G: 0.0641 (enc: 0.1451, dec: 0.0584, adv: 1.3566) D: (cover: 0.2530, enc: 0.3388) PSNR: 40.33dB
Epoch [36/400] Batch [380/925] G: 0.0644 (enc: 0.1454, dec: 0.0589, adv: 1.1660) D: (cover: 0.2823, enc: 0.3766) PSNR: 40.03dB
Epoch [36/400] Batch [400/925] G: 0.0606 (enc: 0.1525, dec: 0.0546, adv: 1.4063) D: (cover: 0.3133, enc: 0.3444) PSNR: 40.14dB
Epoch [36/400] Batch [420/925] G: 0.0618 (enc: 0.1470, dec: 0.0560, adv: 1.3967) D: (cover: 0.2613, enc: 0.3785) PSNR: 40.09dB
Epoch [36/400] Batch [440/925] G: 0.0673 (enc: 0.1477, dec: 0.0615, adv: 1.3534) D: (cover: 0.2683, enc: 0.3794) PSNR: 40.20dB
Epoch [36/400] Batch [460/925] G: 0.0665 (enc: 0.1482, dec: 0.0605, adv: 1.5347) D: (cover: 0.3669, enc: 0.2639) PSNR: 40.27dB
Epoch [36/400] Batch [480/925] G: 0.0650 (enc: 0.1454, dec: 0.0592, adv: 1.4292) D: (cover: 0.3927, enc: 0.3210) PSNR: 39.92dB
Epoch [36/400] Batch [500/925] G: 0.0700 (enc: 0.1444, dec: 0.0640, adv: 1.6301) D: (cover: 0.4255, enc: 0.2502) PSNR: 40.10dB
Epoch [36/400] Batch [520/925] G: 0.0635 (enc: 0.1459, dec: 0.0577, adv: 1.4513) D: (cover: 0.4765, enc: 0.2473) PSNR: 39.99dB
Epoch [36/400] Batch [540/925] G: 0.0652 (enc: 0.1462, dec: 0.0594, adv: 1.4401) D: (cover: 0.2482, enc: 0.3316) PSNR: 39.98dB
Epoch [36/400] Batch [560/925] G: 0.0667 (enc: 0.1489, dec: 0.0611, adv: 1.1363) D: (cover: 0.2622, enc: 0.4165) PSNR: 40.00dB
Epoch [36/400] Batch [580/925] G: 0.0681 (enc: 0.1498, dec: 0.0623, adv: 1.2788) D: (cover: 0.2475, enc: 0.4406) PSNR: 39.82dB
Epoch [36/400] Batch [600/925] G: 0.0666 (enc: 0.1457, dec: 0.0608, adv: 1.4762) D: (cover: 0.4746, enc: 0.2701) PSNR: 40.13dB
Epoch [36/400] Batch [620/925] G: 0.0648 (enc: 0.1491, dec: 0.0587, adv: 1.6313) D: (cover: 0.4825, enc: 0.2107) PSNR: 40.02dB
Epoch [36/400] Batch [640/925] G: 0.0604 (enc: 0.1529, dec: 0.0545, adv: 1.3019) D: (cover: 0.3273, enc: 0.3888) PSNR: 39.54dB
Epoch [36/400] Batch [660/925] G: 0.0606 (enc: 0.1446, dec: 0.0548, adv: 1.5051) D: (cover: 0.4262, enc: 0.2885) PSNR: 40.23dB
Epoch [36/400] Batch [680/925] G: 0.0606 (enc: 0.1474, dec: 0.0547, adv: 1.4812) D: (cover: 0.2961, enc: 0.3034) PSNR: 39.80dB
Epoch [36/400] Batch [700/925] G: 0.0631 (enc: 0.1450, dec: 0.0576, adv: 1.1591) D: (cover: 0.4762, enc: 0.2696) PSNR: 40.17dB
Epoch [36/400] Batch [720/925] G: 0.0635 (enc: 0.1412, dec: 0.0580, adv: 1.2890) D: (cover: 0.4135, enc: 0.3546) PSNR: 40.24dB
Epoch [36/400] Batch [740/925] G: 0.0633 (enc: 0.1453, dec: 0.0573, adv: 1.5900) D: (cover: 0.3860, enc: 0.2506) PSNR: 39.96dB
Epoch [36/400] Batch [760/925] G: 0.0641 (enc: 0.1523, dec: 0.0581, adv: 1.4934) D: (cover: 0.3728, enc: 0.2217) PSNR: 40.22dB
Epoch [36/400] Batch [780/925] G: 0.0631 (enc: 0.1543, dec: 0.0569, adv: 1.5094) D: (cover: 0.3589, enc: 0.2614) PSNR: 39.76dB
Epoch [36/400] Batch [800/925] G: 0.0623 (enc: 0.1463, dec: 0.0564, adv: 1.5134) D: (cover: 0.4673, enc: 0.2581) PSNR: 40.10dB
Epoch [36/400] Batch [820/925] G: 0.0622 (enc: 0.1479, dec: 0.0564, adv: 1.3389) D: (cover: 0.2387, enc: 0.3759) PSNR: 40.05dB
Epoch [36/400] Batch [840/925] G: 0.0626 (enc: 0.1491, dec: 0.0568, adv: 1.3332) D: (cover: 0.3487, enc: 0.3110) PSNR: 40.24dB
Epoch [36/400] Batch [860/925] G: 0.0654 (enc: 0.1457, dec: 0.0597, adv: 1.3877) D: (cover: 0.2932, enc: 0.3278) PSNR: 40.26dB
Epoch [36/400] Batch [880/925] G: 0.0648 (enc: 0.1445, dec: 0.0588, adv: 1.7084) D: (cover: 0.3091, enc: 0.2387) PSNR: 40.16dB
Epoch [36/400] Batch [900/925] G: 0.0616 (enc: 0.1445, dec: 0.0559, adv: 1.3575) D: (cover: 0.2952, enc: 0.2968) PSNR: 40.11dB
Epoch [36/400] Batch [920/925] G: 0.0642 (enc: 0.1430, dec: 0.0584, adv: 1.4225) D: (cover: 0.4811, enc: 0.2593) PSNR: 40.36dB
Epoch [36/400] 训练平均损失: 0.0642
Epoch [36/400] 验证平均损失: 0.0848 enc: 0.1455, dec: 0.0697 PSNR: 40.32dB
Epoch [36/400] 验证耗时: 10.04s
Epoch [36/400] 保存验证输出耗时: 0.03s
Epoch [36/400] 训练耗时: 471.18s
Epoch [36/400] 保存检查点耗时: 0.01s
Epoch [36/400] 总耗时: 481.27s
Epoch [37/400] 第1批数据获取耗时: 1.25s
Epoch [37/400] Batch [20/925] G: 0.0633 (enc: 0.1497, dec: 0.0574, adv: 1.4347) D: (cover: 0.3177, enc: 0.3069) PSNR: 40.19dB
Epoch [37/400] Batch [40/925] G: 0.0651 (enc: 0.1511, dec: 0.0593, adv: 1.2597) D: (cover: 0.3335, enc: 0.3013) PSNR: 40.02dB
训练异常退出: DataLoader worker (pid 20702) is killed by signal: Terminated. 
Traceback (most recent call last):
  File "/mnt/code/Watermark/train.py", line 485, in train
    run_training(model, discriminator, train_loader, val_loader, loss_fn,
    ~~~~~~~~~~~~^^^^^^^^^^^^^^^^^^^^^^^^^^^^^^^^^^^^^^^^^^^^^^^^^^^^^^^^^
                 optimizer_enc_dec, optimizer_discrim, train_sampler)
                 ^^^^^^^^^^^^^^^^^^^^^^^^^^^^^^^^^^^^^^^^^^^^^^^^^^^^
  File "/mnt/code/Watermark/train.py", line 354, in run_training
    train_avg_loss = train_one_epoch(epoch, model, discriminator, train_loader, loss_fn,
                                     optimizer_enc_dec, optimizer_discrim, train_sampler)
  File "/mnt/code/Watermark/train.py", line 212, in train_one_epoch
    compute_step(model, discriminator, loss_fn, img, msg,
    ~~~~~~~~~~~~^^^^^^^^^^^^^^^^^^^^^^^^^^^^^^^^^^^^^^^^^
                 optimizer_enc_dec=optimizer_enc_dec,
                 ^^^^^^^^^^^^^^^^^^^^^^^^^^^^^^^^^^^^
                 optimizer_discrim=optimizer_discrim)
                 ^^^^^^^^^^^^^^^^^^^^^^^^^^^^^^^^^^^^
  File "/mnt/code/Watermark/train.py", line 164, in compute_step
    optimizer_enc_dec.step()
    ~~~~~~~~~~~~~~~~~~~~~~^^
  File "/root/miniconda3/lib/python3.13/site-packages/torch/optim/optimizer.py", line 517, in wrapper
    out = func(*args, **kwargs)
  File "/root/miniconda3/lib/python3.13/site-packages/torch/optim/optimizer.py", line 82, in _use_grad
    ret = func(*args, **kwargs)
  File "/root/miniconda3/lib/python3.13/site-packages/torch/optim/adam.py", line 247, in step
    adam(
    ~~~~^
        params_with_grad,
        ^^^^^^^^^^^^^^^^^
    ...<19 lines>...
        decoupled_weight_decay=group["decoupled_weight_decay"],
        ^^^^^^^^^^^^^^^^^^^^^^^^^^^^^^^^^^^^^^^^^^^^^^^^^^^^^^^
    )
    ^
  File "/root/miniconda3/lib/python3.13/site-packages/torch/optim/optimizer.py", line 150, in maybe_fallback
    return func(*args, **kwargs)
  File "/root/miniconda3/lib/python3.13/site-packages/torch/optim/adam.py", line 953, in adam
    func(
    ~~~~^
        params,
        ^^^^^^^
    ...<17 lines>...
        decoupled_weight_decay=decoupled_weight_decay,
        ^^^^^^^^^^^^^^^^^^^^^^^^^^^^^^^^^^^^^^^^^^^^^^
    )
    ^
  File "/root/miniconda3/lib/python3.13/site-packages/torch/optim/adam.py", line 759, in _multi_tensor_adam
    1 - beta1 ** _get_value(step) for step in device_state_steps
                 ~~~~~~~~~~^^^^^^
  File "/root/miniconda3/lib/python3.13/site-packages/torch/optim/optimizer.py", line 97, in _get_value
    return x.item() if isinstance(x, torch.Tensor) else x
           ~~~~~~^^
  File "/root/miniconda3/lib/python3.13/site-packages/torch/utils/data/_utils/signal_handling.py", line 73, in handler
    _error_if_any_worker_fails()
    ~~~~~~~~~~~~~~~~~~~~~~~~~~^^
RuntimeError: DataLoader worker (pid 20702) is killed by signal: Terminated. 
